,Compound,Date,Negative,Neutral,Positive,Text,Tweets Ago,User
0,0.765,Wed Dec 27 14:41:32 +0000 2017,0.742,0.0,0.258,"RT @BBCSport: It was a record-breaking few days of festive football fixtures.

Here are some of the funniest football tweets that captured‚Ä¶",1,BBC
1,0.0,Wed Dec 27 14:33:19 +0000 2017,1.0,0.0,0.0,"RT @BBC_Future: ‚ö°Ô∏è ‚ÄúBBC Future's Most Read Stories of 2017‚Äù

https://t.co/Stf49AWaRs",2,BBC
2,0.0,Wed Dec 27 14:30:04 +0000 2017,1.0,0.0,0.0,"Your brain could store all data on the searchable internet. 

Here's how scientists made the calculations... https://t.co/9P7KJr9rYj",3,BBC
3,0.4404,Wed Dec 27 14:12:25 +0000 2017,0.838,0.0,0.162,RT @BBCFood: .@BegumNadiya's dal makes a quick and easy change from all the Christmas food. https://t.co/gYQKQ6XhYb https://t.co/YdH0NlnfIe,4,BBC
4,-0.5267,Wed Dec 27 14:12:16 +0000 2017,0.855,0.145,0.0,"RT @BBCWthrWatchers: Our #WeatherWatchers are snapping a lot of wintry scenes this morning, with snow lying across many parts of Wales and‚Ä¶",5,BBC
5,0.0,Wed Dec 27 14:00:04 +0000 2017,1.0,0.0,0.0,üéÑSnuggle up with the family &amp; hunker down. @BBCiPlayer have more family-friendly box sets than ever before. üëâ‚Ä¶ https://t.co/Ta5GpGMZYs,6,BBC
6,0.0,Wed Dec 27 13:22:05 +0000 2017,1.0,0.0,0.0,"RT @bbcdoctorwho: Doctor Who returns in the Fall... (also known as Autumn)
#DoctorWho https://t.co/8PkI6SJUyI",7,BBC
7,-0.7184,Wed Dec 27 13:00:05 +0000 2017,0.65,0.35,0.0,"Apu: 'A stereotype hiding in plain sight.' 
Is it time to question this questionable portrayal?‚Ä¶ https://t.co/Ci6S5ymkC6",8,BBC
8,0.0,Wed Dec 27 12:30:03 +0000 2017,1.0,0.0,0.0,"Soar with a white-tailed sea eagle over the coast of Scotland. üì∫ #SlowOdyssey, coming to @BBCFOUR tonight at 9pm. https://t.co/Vc9MakZnHP",9,BBC
9,0.0,Wed Dec 27 12:00:03 +0000 2017,1.0,0.0,0.0,"Mo Farah has some tips for you if you're thinking of taking up running. üèÉ

Via @BBCTheOneShow https://t.co/k6AW5NxO90",10,BBC
10,-0.4215,Wed Dec 27 11:30:06 +0000 2017,0.647,0.259,0.094,Be careful out there. ‚ùÑÔ∏è Snow sparks road warnings and power cuts: https://t.co/AbfeVw5vDe https://t.co/YCP6qelyQZ,11,BBC
11,0.25,Wed Dec 27 11:20:04 +0000 2017,0.8,0.0,0.2,"RT @bbcthree: ""My dream is to eradicate homelessness"" https://t.co/eK2KiSO2Dl",12,BBC
12,0.0,Wed Dec 27 11:00:01 +0000 2017,1.0,0.0,0.0,The next generation of potential pop stars have been highlighted by the BBC Music Sound of 2018 longlist. Will they‚Ä¶ https://t.co/kLPSpgHlco,13,BBC
13,0.8429,Wed Dec 27 10:44:16 +0000 2017,0.688,0.0,0.312,RT @BBC6Music: Peaky Blinders fan? Music lover? Here's a little gift for you: export all 72 tracks from the soundtrack to your streaming se‚Ä¶,14,BBC
14,0.8591,Wed Dec 27 10:30:05 +0000 2017,0.537,0.0,0.463,"üç´üòã Can chocolate make you happy, healthy and wise? https://t.co/Ui08nNwNqP

**please be yes** https://t.co/gBok0UDRJq",15,BBC
15,0.1531,Wed Dec 27 10:08:04 +0000 2017,0.882,0.0,0.118,RT @BBCr4today: Will @BarackObama get an invite to Prince Harry's wedding? #r4today https://t.co/YqnFTf6Yss,16,BBC
16,-0.296,Wed Dec 27 10:05:19 +0000 2017,0.879,0.121,0.0,This morning Prince Harry interviewed @BarackObama for @BBCr4today. Missed it? Download the full interview here. üëâ‚Ä¶ https://t.co/txoywBk4Si,17,BBC
17,0.0,Wed Dec 27 10:00:05 +0000 2017,1.0,0.0,0.0,"üå±üëâüí° Scientists figure out how to turn salad leaves into a desk lamp. 

Via @BBCWorldService https://t.co/Jmb5Ijli1T",18,BBC
18,0.0,Wed Dec 27 09:30:05 +0000 2017,1.0,0.0,0.0,"'Trees of life' in Mexico were originally used to teach Christianity. In Metepec, they continue to be painstakingly‚Ä¶ https://t.co/lyGO4UzyGm",19,BBC
19,0.0,Wed Dec 27 09:00:04 +0000 2017,1.0,0.0,0.0,How many spots can you see in this optical illusion? üëÄ https://t.co/svXnnINM63 https://t.co/zJ37lqJvPF,20,BBC
20,0.7783,Tue Dec 26 20:52:01 +0000 2017,0.673,0.0,0.327,Looking for a festive cocktail recipe? @jamieoliver made everyone a delightful Christmas tipple on #TGNS last week. https://t.co/jkYQj3zWkb,21,BBC
21,0.4588,Tue Dec 26 20:30:03 +0000 2017,0.667,0.0,0.333,Nature can be simply breathtaking. #ReindeerFamilyAndMe https://t.co/NEa0YjJzlx,22,BBC
22,0.891,Tue Dec 26 20:05:03 +0000 2017,0.586,0.0,0.414,"Amsterdam, 1686. Nella marries a rich merchant, hoping for love and prosperity. Instead, she enters a world of myst‚Ä¶ https://t.co/NxY0G4kxzP",23,BBC
23,0.0,Tue Dec 26 19:26:20 +0000 2017,1.0,0.0,0.0,RT @BBCOne: When you‚Äôre so full up from eating that this is how you get around now. #SnowBears https://t.co/zaNXZO2xA9,24,BBC
24,0.4019,Tue Dec 26 19:03:03 +0000 2017,0.87,0.0,0.13,ü¶å ‚ùÑÔ∏è @GordonJBuchanan meets the Sami people and learns about their special bond with reindeer. Reindeer Family &amp; Me‚Ä¶ https://t.co/7n8e6BgrVI,25,BBC
25,0.0,Tue Dec 26 19:01:04 +0000 2017,1.0,0.0,0.0,Ainsley Harriott fed this guy pigs in blankets in the middle of the night. Michael McIntyre‚Äôs Midnight Gameshow con‚Ä¶ https://t.co/B4aZXsITjV,26,BBC
26,0.5523,Tue Dec 26 18:53:52 +0000 2017,0.798,0.0,0.202,RT @BBCr4today: Don't forget Prince Harry is our guest editor tomorrow. Tune in bright and early from 6am https://t.co/LlBHinCr6k #r4today‚Ä¶,27,BBC
27,0.3612,Tue Dec 26 18:30:02 +0000 2017,0.872,0.0,0.128,"Make Christmas leftovers feel brand new with recipes like the @HairyBikers' 'Bang Bang Turkey.' üçó

Find more leftov‚Ä¶ https://t.co/pPVKwocz8I",28,BBC
28,0.5994,Tue Dec 26 18:05:04 +0000 2017,0.804,0.0,0.196,A coming of age story loved by generations worldwide. ‚ù§Ô∏è #LittleWomen. Starts tonight at 8pm on @BBCOne.‚Ä¶ https://t.co/JGJKcZkWKD,29,BBC
29,0.2714,Tue Dec 26 17:44:18 +0000 2017,0.913,0.0,0.087,"RT @BBCRadio2: Between now and 2pm, @mikasounds is playing some of his favourite tracks from the most iconic songwriters of all time! Rumou‚Ä¶",30,BBC
30,-0.296,Tue Dec 26 17:33:07 +0000 2017,0.885,0.115,0.0,.@Camila_Cabello was on @BBCR1 for a whole hour on Christmas day. Missed it? You can listen back here:‚Ä¶ https://t.co/JI3H2jJkW0,31,BBC
31,-0.7096,Tue Dec 26 17:30:02 +0000 2017,0.688,0.312,0.0,"A Northerner has been accused of terrifying Londoners by walking around saying hello‚Ä¶ üòÇ 

#TheMashReport | @BBCTwo https://t.co/Pz88aBmrkh",32,BBC
32,0.0516,Tue Dec 26 17:25:46 +0000 2017,0.756,0.118,0.126,RT @BBCWomansHour: Struggling with your mental health over the festive period? @Rubywax says #mindfulness changed her life üôá VIDEO üé•üëá https‚Ä¶,33,BBC
33,0.0,Tue Dec 26 17:03:03 +0000 2017,1.0,0.0,0.0,"Follow the journey of polar bear cubs and their mother as they travel 400 miles to the North Pole. ‚ùÑÔ∏è

#SnowBears |‚Ä¶ https://t.co/FuWj5eXpTz",34,BBC
34,0.0,Tue Dec 26 16:01:50 +0000 2017,1.0,0.0,0.0,"RT @BBCr4today: Prince Harry is all set to guest edit the programme on Wednesday where you can expect a lot more of this...
Listen live her‚Ä¶",35,BBC
35,-0.8481,Tue Dec 26 16:00:02 +0000 2017,0.494,0.506,0.0,"The zombie crisis is now a full-blown crisis. üòÇ

#ScotSquad | @BBCScotland https://t.co/UFyNdLks67",36,BBC
36,-0.4404,Tue Dec 26 15:00:06 +0000 2017,0.728,0.192,0.08,Tens of thousands of people may be at increased risk of dying early from heart attacks and strokes by misusing anab‚Ä¶ https://t.co/bSJsAN1SxG,37,BBC
37,0.6674,Tue Dec 26 14:42:38 +0000 2017,0.767,0.0,0.233,RT @BBCOne: Who said the presents have to end already? Unwrap even more festive surprises on @BBCOne this #BoxingDay. üéÅ https://t.co/LyOf9H‚Ä¶,38,BBC
38,0.3182,Tue Dec 26 13:55:29 +0000 2017,0.905,0.0,0.095,"RT @BBCOne: Pack your bags for a fun-packed, snowy adventure as two polar bear cubs and their mother embark on a 400-mile journey. ‚ùÑÔ∏è

#Sno‚Ä¶",39,BBC
39,-0.7469,Tue Dec 26 13:30:04 +0000 2017,0.771,0.229,0.0,"Tuberculosis is often thought of as a historic disease, but every day around 4,700 people worldwide die of TB.‚Ä¶ https://t.co/mDQdvSV78x",40,BBC
40,0.4588,Tue Dec 26 12:00:03 +0000 2017,0.857,0.0,0.143,'It's well worth taking a rest next to the burn so you can watch all the people fall on their arse as they try to t‚Ä¶ https://t.co/EimdoMZ53x,41,BBC
41,0.2263,Tue Dec 26 11:50:43 +0000 2017,0.924,0.0,0.076,"RT @bbcworldservice: When we asked you for images of Jugaad, some of the cheap life hacks you'd spotted around the world surprised even us.‚Ä¶",42,BBC
42,0.0,Tue Dec 26 11:13:36 +0000 2017,1.0,0.0,0.0,"RT @CBeebiesHQ: Which wrapping paper can you recycle? 
üéÅüéÅüîÑ

https://t.co/awqulXOj1R",43,BBC
43,0.3612,Tue Dec 26 11:13:28 +0000 2017,0.783,0.0,0.217,"RT @BBCRadio4: üéÅ ""Thank you. It's just what I always wanted.""
https://t.co/fAxXWlA6Ao",44,BBC
44,0.4404,Tue Dec 26 11:00:10 +0000 2017,0.861,0.0,0.139,"üòã Pies, sausage rolls, brunches, desserts... If your fave Christmas feast is the Boxing Day leftovers table, this i‚Ä¶ https://t.co/4dfP89ZlSP",45,BBC
45,0.0,Tue Dec 26 11:00:01 +0000 2017,1.0,0.0,0.0,Savouring the Christmas leftovers like... https://t.co/aq2gFRPi0R,46,BBC
46,0.4588,Tue Dec 26 10:30:05 +0000 2017,0.85,0.0,0.15,"Who actually knows why #BoxingDay is called Boxing Day? ü§î

@BBCTwo's The Sweet Makers is now available on‚Ä¶ https://t.co/HGTdQo187W",47,BBC
47,0.5106,Tue Dec 26 10:00:04 +0000 2017,0.837,0.0,0.163,"This London barber offers free haircuts and life advice to the young and unemployed. ‚úÇÔ∏è

#EverydayHeroes |‚Ä¶ https://t.co/j63JI7ddH2",48,BBC
48,0.0,Tue Dec 26 09:00:12 +0000 2017,1.0,0.0,0.0,"The more meat we eat, the quicker we deplete the Earth's resources. Could AI devise new ways to make meat-free food‚Ä¶ https://t.co/CUeZmrbzIf",49,BBC
49,-0.2136,Mon Dec 25 23:23:45 +0000 2017,0.919,0.081,0.0,"RT @BBCTwo: ""I don't like running from the law... but this is awesome!"" üòéüò±

All new #TopGear. Coming soon to @BBCTwo‚Äã. https://t.co/0QP1aRA‚Ä¶",50,BBC
50,-0.1027,Mon Dec 25 21:58:01 +0000 2017,0.903,0.097,0.0,"RT @bbcthree: Being a waitress at Christmas is hard. 

Here's what you can expect... https://t.co/Od0d6mkmmT",51,BBC
51,0.0,Mon Dec 25 21:57:13 +0000 2017,1.0,0.0,0.0,RT @bbceastenders: This is too much... #EastEnders https://t.co/owupXCrWzU,52,BBC
52,0.4574,Mon Dec 25 21:03:05 +0000 2017,0.85,0.0,0.15,‚ú®üéÑ @Dawn_French and @ferrifrump are back for a special 30th-anniversary show! 300 Years of French and Saunders. 10:‚Ä¶ https://t.co/dYVCsyoASR,53,BBC
53,0.6369,Mon Dec 25 21:00:14 +0000 2017,0.802,0.0,0.198,RT @BBCOne: The best Christmas present a mother could ask for. Reunited after all this time. ‚ù§Ô∏è #CallTheMidwife https://t.co/IiRFhQeXW1,54,BBC
54,0.2846,Mon Dec 25 20:30:05 +0000 2017,0.918,0.0,0.082,"We all know the lyrics to the beloved Fairytale of New York, but how much do you know about the song and its legacy‚Ä¶ https://t.co/D62etc9KsC",55,BBC
55,0.4588,Mon Dec 25 20:27:43 +0000 2017,0.7,0.0,0.3,RT @BBCOne: Aww. What a festive line-up. üéÑ‚ú®#CallTheMidwife https://t.co/SQN1HGtwu1,56,BBC
56,0.8001,Mon Dec 25 20:27:35 +0000 2017,0.494,0.0,0.506,"RT @bbcthree: LET ME EAT IN PEACE, OK? https://t.co/A9Qq5iOuc2",57,BBC
57,0.0,Mon Dec 25 20:00:06 +0000 2017,1.0,0.0,0.0,We are all Emily. üòÇ https://t.co/fSJizdrOYO https://t.co/AM8fZ7AfUj,58,BBC
58,0.5994,Mon Dec 25 19:31:04 +0000 2017,0.557,0.136,0.307,"On the first anniversary of his death, @BBCRadio2 celebrates the huge talent of George Michael. Listen from 8pm. üíú‚Ä¶ https://t.co/9ZpIqStRcw",59,BBC
59,0.0,Mon Dec 25 19:11:35 +0000 2017,1.0,0.0,0.0,"RT @bbcdoctorwho: As Twelve lets go‚Ä¶ Words to hold onto.
#DoctorWho https://t.co/YMco9iY9ay",60,BBC
60,0.2732,Mon Dec 25 19:00:01 +0000 2017,0.89,0.0,0.11,"Can these two committed meat-eaters be persuaded to swap turkey üçó for a vegan ü•ï Christmas dinner? üéÑüç¥

Via @BBC5Live https://t.co/6aDLqwC2S2",61,BBC
61,0.0,Mon Dec 25 18:39:46 +0000 2017,1.0,0.0,0.0,"RT @BBCOne: The time has come. 
Let the regeneration begin...
 
#DoctorWho https://t.co/2fnnzc3wWl",62,BBC
62,-0.2263,Mon Dec 25 18:34:04 +0000 2017,0.711,0.162,0.126,"As the worst winter in living memory hits, the team must care for their patients during the big freeze.‚Ä¶ https://t.co/zBwtdS3f7d",63,BBC
63,0.4588,Mon Dec 25 18:00:07 +0000 2017,0.85,0.0,0.15,"From Iceland's 13 trolls &amp; man-eating cat to Catalonia's big nativity tradition, here are 7 quirky festive traditio‚Ä¶ https://t.co/wl4ssvAN42",64,BBC
64,0.0,Mon Dec 25 17:37:11 +0000 2017,1.0,0.0,0.0,"Tonight, six stars of @BBCStrictly past return to the ballroom to compete for the #Strictly Christmas trophy. 6:30p‚Ä¶ https://t.co/Csu9Nhljvj",65,BBC
65,0.7579,Mon Dec 25 17:32:10 +0000 2017,0.711,0.0,0.289,"RT @bbcstories: This Christmas Day, meet the amazing family travelling to Calais to help those in need. https://t.co/rDk9BSCrs1",66,BBC
66,0.4019,Mon Dec 25 17:32:01 +0000 2017,0.828,0.0,0.172,"RT @BBCOne: Have yourself a very Mammy Christmas. 

#MrsBrownsBoys Christmas Special. Christmas Day. 10pm. https://t.co/JwYoBs6nhd",67,BBC
67,0.0,Mon Dec 25 17:30:36 +0000 2017,1.0,0.0,0.0,RT @bbcrb: We all ‚ù§Ô∏è #DrWho - but not as much as this guy! https://t.co/2n9SUQ8Rrg,68,BBC
68,0.872,Mon Dec 25 17:01:02 +0000 2017,0.233,0.0,0.767,Merry Christmas sweetie darlings üíãüéÅ https://t.co/JFn75lWTMS,69,BBC
69,0.7901,Mon Dec 25 16:30:03 +0000 2017,0.68,0.0,0.32,"Eddie Redmayne and his newt Amanda love stories and they want to share one with you! üí§üìñ 

#CBeebiesBedtimeStory | 6‚Ä¶ https://t.co/vPfQndtZOD",70,BBC
70,0.0,Mon Dec 25 16:03:04 +0000 2017,1.0,0.0,0.0,"The Twelth Doctor must face his past to decide his future. 

#DoctorWho | 5:30pm | @BBCOne ‚ùÑÔ∏è‚Ä¶ https://t.co/ew7fXnObf0",71,BBC
71,0.0,Mon Dec 25 15:53:14 +0000 2017,1.0,0.0,0.0,RT @BBCNews: Christmas campaign raises ¬£4m for homeless in Scotland https://t.co/7frXpJ5SZK,72,BBC
72,0.0,Mon Dec 25 15:33:14 +0000 2017,1.0,0.0,0.0,"Based on Julia Donaldson's much-loved children's book, #TheHighwayRat tells the tale of a ravenous rat in search of‚Ä¶ https://t.co/zLlLCUbzSA",73,BBC
73,-0.5423,Mon Dec 25 15:12:19 +0000 2017,0.588,0.285,0.127,"RT @BBCNews: #QueensSpeech hails ""powerful identities"" of London and Manchester after 2017 terror attacks 

https://t.co/TQs8pFQYD7 https:/‚Ä¶",74,BBC
74,-0.3182,Mon Dec 25 15:12:05 +0000 2017,0.916,0.084,0.0,"RT @bbcthree: ""Think about the things you did get to do with them""

Young people on who they lost and how they'll remember them at Christma‚Ä¶",75,BBC
75,0.4019,Mon Dec 25 15:11:44 +0000 2017,0.903,0.0,0.097,RT @BBCOne: Never in his wildest dreams did this man think he'd be waking up to Ainsley Harriott feeding him pigs in blankets in Michael Mc‚Ä¶,76,BBC
76,0.0,Mon Dec 25 15:00:05 +0000 2017,1.0,0.0,0.0,"Not everyone looks forward to Christmas. üíî

Via @BBCSouthNews https://t.co/mxZ6Tmvay8",77,BBC
77,0.0,Mon Dec 25 14:21:03 +0000 2017,1.0,0.0,0.0,Watch HM Queen Elizabeth II deliver her annual address in the Christmas message to the nation and the Commonwealth.‚Ä¶ https://t.co/QWv788eKY6,78,BBC
78,0.0,Mon Dec 25 14:00:06 +0000 2017,1.0,0.0,0.0,Trying to move after Christmas lunch like... üê° https://t.co/8gRUm0phyj,79,BBC
79,0.0,Mon Dec 25 13:30:06 +0000 2017,1.0,0.0,0.0,The definitive eyebrow trend of 2017? üéÑ https://t.co/mpvW6JdxwR https://t.co/f2cA0a8DQK,80,BBC
80,0.2023,Mon Dec 25 13:02:03 +0000 2017,0.924,0.0,0.076,üéÑüì∫ What makes a top rated Christmas Day TV show? Take a look back at more than 60 years of BBC programmes that topp‚Ä¶ https://t.co/N1nxxQUnut,81,BBC
81,0.0,Mon Dec 25 12:31:05 +0000 2017,1.0,0.0,0.0,Meghan Markle joins royals for Christmas service. üéÑ¬†https://t.co/jjJAy263U2 https://t.co/cbvLXtfC8m,82,BBC
82,-0.25,Mon Dec 25 12:30:06 +0000 2017,0.846,0.154,0.0,"Cancel Christmas... üôÖüéÑ

This guy made a candy cane pizza and... ü§¢ https://t.co/adDVuP2nFG https://t.co/kbmPDFSgoF",83,BBC
83,0.4588,Mon Dec 25 12:00:05 +0000 2017,0.765,0.0,0.235,"üòÇ Top 3 Christmas films: 

üëâ The Muppets Christmas Carol
üëâ Muppet Treasure Island
üëâ Muppets from Space

Via‚Ä¶ https://t.co/LPj82MI1WY",84,BBC
84,0.7424,Mon Dec 25 11:33:14 +0000 2017,0.687,0.0,0.313,"RT @BBCOne: Join @Fearnecotton¬†and @claraamfo¬†for a festive Top of the Pops Christmas! With performances from @DUALIPA, @edsheeran, @RitaOr‚Ä¶",85,BBC
85,0.0,Mon Dec 25 11:32:12 +0000 2017,1.0,0.0,0.0,"RT @BBCOne: It's Christmaaaassssss! üéÑüéÅ 

Here's some @BBCOne #ChristmasDay highlights to tuck into alongside your mince pies. https://t.co/‚Ä¶",86,BBC
86,0.702,Mon Dec 25 11:32:08 +0000 2017,0.744,0.0,0.256,"RT @BBCSpringwatch: A VERY Merry Christmas from Michaela, Chris and everyone on the Winterwatch team! üéÑ https://t.co/oxVxeOuA0u",87,BBC
87,0.3182,Mon Dec 25 11:30:09 +0000 2017,0.901,0.0,0.099,"Q. How do you find Will Smith in the snow? 

A. Look for the fresh prints.
~ @SusanCalman üòÇ

A selection of some of‚Ä¶ https://t.co/99TlhkzNEF",88,BBC
88,0.0,Mon Dec 25 11:29:28 +0000 2017,1.0,0.0,0.0,"RT @1Xtra: Add a little kuruption to your Christmas day! The @KuruptFM crew are taking over from 4PM, get locked in (but maybe don't invite‚Ä¶",89,BBC
89,-0.4215,Mon Dec 25 11:00:11 +0000 2017,0.823,0.177,0.0,The first Scrooge: How the world‚Äôs best-known miser was brought to life. https://t.co/ntxCOXAVgz https://t.co/GbnKiX9n3d,90,BBC
90,0.34,Mon Dec 25 10:30:07 +0000 2017,0.862,0.0,0.138,"98-year-old Mary is about to star in her first ever nativity play. ‚ù§Ô∏è
Via @BBCLookNorth. https://t.co/64le1kLdvz",91,BBC
91,-0.2263,Mon Dec 25 10:00:05 +0000 2017,0.863,0.137,0.0,Tangled tinsel and wonky trees: The UK's dodgy Christmas displays üéÅüòÇ https://t.co/ALhLHLtGMO https://t.co/xAJkEcWfdo,92,BBC
92,0.5093,Mon Dec 25 09:30:03 +0000 2017,0.852,0.0,0.148,Can you figure out which of these christmassy creatures are real? Have a go at @CBBC's festive fish quiz! üê†üéÑüê°üéÖ‚Ä¶ https://t.co/RTxcKzBMLN,93,BBC
93,0.765,Mon Dec 25 09:23:56 +0000 2017,0.769,0.0,0.231,RT @bbccomedy: Dame Julie Walters on working with Victoria Wood and all the great British comedy legends who wanted to be in her sketches.‚Ä¶,94,BBC
94,0.0,Mon Dec 25 09:23:40 +0000 2017,1.0,0.0,0.0,RT @BBCSpringwatch: When the kids wake you up at 6am to open presents... https://t.co/bHJ71lAg5U,95,BBC
95,0.0,Mon Dec 25 09:00:05 +0000 2017,1.0,0.0,0.0,"Mince pie. Pudding. Trifle. Repeat. üòã

And so it begins... https://t.co/cc01dOcpMo",96,BBC
96,0.0,Mon Dec 25 08:33:06 +0000 2017,1.0,0.0,0.0,Where did the Deathly Hallows symbol come from? ‚ú® üìñ Harry Potter: A History of Magic. Today at 10am on @BBCTwo. https://t.co/RWAdCoJVUC,97,BBC
97,0.5848,Mon Dec 25 08:00:07 +0000 2017,0.787,0.0,0.213,"üéÑüéÅüéÖ Merry Christmas! 

Start your day right... with a video of a baby turtle tackling a sprout. ‚ù§Ô∏èÔ∏èüê¢https://t.co/TPjDwBNj8B",98,BBC
98,-0.5423,Sun Dec 24 21:43:10 +0000 2017,0.8,0.2,0.0,"Toasters: sworn enemy of the pet cat. 

#Doodlebugs is now available on @BBCiPlayer: https://t.co/5Yg5NYbjiO https://t.co/wAi6tUDMvy",99,BBC
99,-0.3182,Sun Dec 24 20:03:04 +0000 2017,0.909,0.091,0.0,Will you struggle to nod off knowing that Santa's on his way? Here are 7 tips from the Tudors on how to have a good‚Ä¶ https://t.co/aqJ1Kp5QlL,100,BBC
100,0.5563,Wed Dec 27 14:45:07 +0000 2017,0.841,0.0,0.159,Former President Barack Obama and former Secretary of State Hillary Clinton remain the most admired man and woman i‚Ä¶ https://t.co/wv16QQyaru,1,CNN
101,-0.4767,Wed Dec 27 14:30:17 +0000 2017,0.86,0.14,0.0,"Four hours into a flight to Tokyo, a plane turned around and returned to LA after flying with a wrong passenger, th‚Ä¶ https://t.co/WnNOugjfC6",2,CNN
102,0.4767,Wed Dec 27 14:15:06 +0000 2017,0.819,0.0,0.181,These men were friends for 60 years before discovering they're also biological brothers https://t.co/KVxZW4MSpo https://t.co/dnU9IG6kzk,3,CNN
103,0.0,Wed Dec 27 14:00:11 +0000 2017,1.0,0.0,0.0,These are the 9 most meme-able political personalities of 2017 https://t.co/xY86b8qwqT https://t.co/dL5CrG75Xy,4,CNN
104,0.5927,Wed Dec 27 13:45:11 +0000 2017,0.784,0.0,0.216,"US stocks had a banner year in 2017, but these markets did even better https://t.co/whNhOKF2S0 https://t.co/Xp4uluTCdf",5,CNN
105,0.7506,Wed Dec 27 13:30:07 +0000 2017,0.632,0.0,0.368,"Formula One world champion Lewis Hamilton apologizes for gender ""shaming"" video https://t.co/RaZIQE6PW2 https://t.co/Qw7AU3ORSR",6,CNN
106,0.0,Wed Dec 27 13:15:14 +0000 2017,1.0,0.0,0.0,2018 is expected to be the year of tennis comebacks https://t.co/bOXsbnFD3g https://t.co/VkewjI3H5N,7,CNN
107,0.0,Wed Dec 27 13:00:52 +0000 2017,1.0,0.0,0.0,"When Jean-Georges Vongerichten landed in NYC in 1986, it was at the markets and street vendors where he fell in lov‚Ä¶ https://t.co/DqsCTn6RBg",8,CNN
108,0.197,Wed Dec 27 12:47:51 +0000 2017,0.797,0.0,0.203,"After #MeToo, more women feeling empowered https://t.co/MsqYtTNeZd https://t.co/S32CWkhkhY",9,CNN
109,0.0,Wed Dec 27 12:30:03 +0000 2017,1.0,0.0,0.0,Apple finally got its tax break to bring billions home https://t.co/Ts8KCIDeVW https://t.co/Nu1lJaAOUU,10,CNN
110,0.5003,Wed Dec 27 12:17:11 +0000 2017,0.755,0.078,0.167,"Former US Ambassador to Russia Thomas Pickering says he isn't sure ""the Russians would be the greatest allies"" in h‚Ä¶ https://t.co/CoLb38OTkg",11,CNN
111,-0.3182,Wed Dec 27 12:01:30 +0000 2017,0.606,0.267,0.127,Tax cuts might create jobs. But there's one thing missing: workers. https://t.co/rncacdeMS8 https://t.co/8GI4G9KalJ,12,CNN
112,0.0,Wed Dec 27 11:45:10 +0000 2017,1.0,0.0,0.0,Here are 5 things you need to know today https://t.co/QBaruZyG6S https://t.co/AP82wLTs5D,13,CNN
113,-0.6808,Wed Dec 27 11:07:34 +0000 2017,0.615,0.287,0.098,Thousands turned out for the funeral of a militant separatist leader killed in a shoot-out with security forces in‚Ä¶ https://t.co/ijvEdkWFM5,14,CNN
114,0.1531,Wed Dec 27 10:55:15 +0000 2017,0.808,0.085,0.108,"In South Korea, a deadly weapon is back in the headlines, one that is far easier and cheaper to make than North Kor‚Ä¶ https://t.co/YgkQUSbMh5",15,CNN
115,0.0,Wed Dec 27 10:43:11 +0000 2017,1.0,0.0,0.0,Frigid weather will usher in the New Year in the Midwest and eastern US https://t.co/IEQ3iUEY3K https://t.co/3gUM1W2MnN,16,CNN
116,-0.0516,Wed Dec 27 10:37:13 +0000 2017,0.721,0.144,0.135,This photographer has traveled across the United States taking mesmerizing pictures of abandoned drive-in movie the‚Ä¶ https://t.co/PSA4j90l1L,17,CNN
117,0.0,Wed Dec 27 10:25:29 +0000 2017,1.0,0.0,0.0,"A Tokyo-bound flight, with Chrissy Teigen and John Legend onboard, returned to Los Angeles after the crew found tha‚Ä¶ https://t.co/8BNty0muQo",18,CNN
118,0.4019,Wed Dec 27 10:14:21 +0000 2017,0.863,0.0,0.137,Elon Musk is promising to make an electric pickup -- repeating a pledge he first made in 2013‚Ä¶ https://t.co/veZfMwvCXv,19,CNN
119,0.0,Wed Dec 27 10:01:02 +0000 2017,1.0,0.0,0.0,Here's a rare look inside apartment buildings where North Korean factory workers live https://t.co/R8nnuKQ3qz https://t.co/m8YpSf6hjI,20,CNN
120,0.0,Wed Dec 27 09:49:02 +0000 2017,1.0,0.0,0.0,"In a BBC interview with Prince Harry, former US President Barack Obama urges people in leadership positions not to‚Ä¶ https://t.co/81bUCmO8gl",21,CNN
121,-0.7184,Wed Dec 27 09:37:49 +0000 2017,0.575,0.345,0.08,An Argentine prosecutor who accused top government officials of a cover-up in the country's deadliest terror attack‚Ä¶ https://t.co/rRAiuz1L5n,22,CNN
122,0.4019,Wed Dec 27 09:26:38 +0000 2017,0.816,0.0,0.184,"This street in Okayama, Japan is devoted to denim https://t.co/CTywUDYk9M via @CNNStyle https://t.co/OJWl07nUY2",23,CNN
123,0.5106,Wed Dec 27 09:13:12 +0000 2017,0.784,0.0,0.216,A North Carolina family comes to the rescue on Christmas Eve. Twice. https://t.co/AtPGO5ESgg https://t.co/QARs60fQeL,24,CNN
124,-0.3182,Wed Dec 27 09:00:13 +0000 2017,0.887,0.113,0.0,"Evacuations of the first critical medical cases from a rebel-held region east of Damascus in Syria have begun, aid‚Ä¶ https://t.co/X21sZgQds1",25,CNN
125,-0.5267,Wed Dec 27 08:49:31 +0000 2017,0.812,0.188,0.0,"The trial of a Chinese human rights activist, who was sentenced to eight years in prison on Christmas Day, sheds li‚Ä¶ https://t.co/tE0hODohO4",26,CNN
126,0.0,Wed Dec 27 08:34:41 +0000 2017,1.0,0.0,0.0,How Chinese start-ups are disrupting the electric supercar market https://t.co/uKKW9Qofsd https://t.co/r0D6cNNiXh,27,CNN
127,0.0,Wed Dec 27 08:22:58 +0000 2017,1.0,0.0,0.0,"The wildfires in California just keep shattering records this year, with costs topping $10 billion https://t.co/r6BFpAvtG1",28,CNN
128,-0.8074,Wed Dec 27 08:11:30 +0000 2017,0.622,0.378,0.0,New York City on pace to record lowest murder tally in decades https://t.co/WUjQhZwZNs https://t.co/6f6tb1nGDz,29,CNN
129,-0.7506,Wed Dec 27 08:00:09 +0000 2017,0.697,0.303,0.0,Mattel is struggling. Hasbro has fallen from its highs. Even the mighty Lego posted a recent drop in sales. Here's‚Ä¶ https://t.co/iIvrzGTYGU,30,CNN
130,-0.5859,Wed Dec 27 07:49:29 +0000 2017,0.789,0.211,0.0,An iconic tree on the White House grounds is scheduled to be cut down after years of decay https://t.co/WHWgid3rge https://t.co/iqXvUvVCZy,31,CNN
131,0.0,Wed Dec 27 07:30:38 +0000 2017,1.0,0.0,0.0,President Trump has spent nearly one-third of his presidency at a Trump property https://t.co/hldBzehswW https://t.co/gcRNgsdXK3,32,CNN
132,0.0,Wed Dec 27 07:23:23 +0000 2017,1.0,0.0,0.0,"Even for a place that gets a ton of snow, this was a record-breaking two days for Erie, Pennsylvania‚Ä¶ https://t.co/coVqF3IGje",33,CNN
133,0.0,Wed Dec 27 07:10:18 +0000 2017,1.0,0.0,0.0,Authorities are investigating the deaths of four people after the bodies were found in a basement apartment in New‚Ä¶ https://t.co/ahEeTygkyc,34,CNN
134,-0.5106,Wed Dec 27 06:58:41 +0000 2017,0.68,0.32,0.0,Investors think the iPhone X is a disappointment https://t.co/Oy36ZJArBD https://t.co/khPvNHnXdv,35,CNN
135,0.802,Wed Dec 27 06:46:56 +0000 2017,0.676,0.0,0.324,"If inspiration is the first step in travel, the journey starts with these amazing travel photos‚Ä¶ https://t.co/GFzWwCOKsX",36,CNN
136,-0.3182,Wed Dec 27 06:35:05 +0000 2017,0.892,0.108,0.0,"US President Trump, looking ahead to a critical election year where his record will be on the ballot alongside Repu‚Ä¶ https://t.co/7E79zBDKlR",37,CNN
137,0.4019,Wed Dec 27 06:23:30 +0000 2017,0.755,0.069,0.176,US Ambassador to the United Nations Nikki Haley touts reduced UN budget https://t.co/VndBaK3Osg https://t.co/AT9oRTDYIm,38,CNN
138,0.0,Wed Dec 27 06:09:59 +0000 2017,1.0,0.0,0.0,The 10 health questions that had you Googling this year https://t.co/PxdjCdbDwr https://t.co/ZbZBw8wZGX,39,CNN
139,0.0,Wed Dec 27 05:58:38 +0000 2017,1.0,0.0,0.0,Meet the first woman to climb Mount Everest twice in 5 days https://t.co/C8iA7JUHwT https://t.co/Ofxa17SmFa,40,CNN
140,0.0,Wed Dec 27 05:47:34 +0000 2017,1.0,0.0,0.0,Can Japan survive without immigrants?https://t.co/lYRE1fGtZe https://t.co/cZKHEmmusd,41,CNN
141,0.0,Wed Dec 27 05:36:22 +0000 2017,1.0,0.0,0.0,China orders tech tycoon to return and face debts https://t.co/V2A0zwgzI3 https://t.co/Ic76Baq4D1,42,CNN
142,0.0,Wed Dec 27 05:30:46 +0000 2017,1.0,0.0,0.0,The NFL has canceled Sunday Night Football this week https://t.co/LEOQF4VSOI,43,CNN
143,-0.6249,Wed Dec 27 05:25:05 +0000 2017,0.814,0.186,0.0,"This year has been an unequivocal disaster for the future of the planet, writes Mark Kelly for @CNNOpinion‚Ä¶ https://t.co/C7qZ5U8hi9",44,CNN
144,-0.5574,Wed Dec 27 05:19:30 +0000 2017,0.735,0.265,0.0,Tunisia suspends Emirates flights following female passenger travel ban https://t.co/jCfCS62Fqg https://t.co/Yczl59PWR1,45,CNN
145,0.1779,Wed Dec 27 05:11:44 +0000 2017,0.612,0.17,0.218,This overweight shelter dog helped save a 340-pound man's life https://t.co/wiekRNoEPX https://t.co/M94Zyg4x5f,46,CNN
146,0.0,Wed Dec 27 05:05:31 +0000 2017,1.0,0.0,0.0,"I'm a 6'3"" man with tattoo sleeves and a shaved head ‚Äî and I have a #MeToo story, writes James Gagliano for‚Ä¶ https://t.co/GKkbfQoNom",47,CNN
147,0.6369,Wed Dec 27 04:42:07 +0000 2017,0.53,0.0,0.47,Amazon unveils the top holiday gifts this season https://t.co/VmLjxV3BcA https://t.co/TSXFIdNL5a,48,CNN
148,0.0,Wed Dec 27 04:33:31 +0000 2017,1.0,0.0,0.0,Frigid weather will usher in the New Year in the Midwest and eastern US https://t.co/6wGuLgfnOF https://t.co/07cetxCIIK,49,CNN
149,0.0,Wed Dec 27 04:24:49 +0000 2017,1.0,0.0,0.0,"More pregnant women are using pot, study finds https://t.co/yLBo1i4qDg https://t.co/tJqDUPtMHG",50,CNN
150,0.4019,Wed Dec 27 04:16:03 +0000 2017,0.863,0.0,0.137,Elon Musk is promising to make an electric pickup -- repeating a pledge he first made in 2013‚Ä¶ https://t.co/4ATT8f4md7,51,CNN
151,-0.5994,Wed Dec 27 04:07:21 +0000 2017,0.769,0.231,0.0,Fans and relatives remember music superstar George Michael a year after his death https://t.co/QZ5agEc4t3 https://t.co/5kYbGQFuhA,52,CNN
152,-0.7184,Wed Dec 27 03:53:50 +0000 2017,0.575,0.345,0.08,An Argentine prosecutor who accused top government officials of a cover-up in the country's deadliest terror attack‚Ä¶ https://t.co/pDW2tmggO8,53,CNN
153,0.0,Wed Dec 27 03:40:16 +0000 2017,1.0,0.0,0.0,Here's a rare look inside apartment buildings where North Korean factory workers live https://t.co/99hnQ5y1cV https://t.co/pSGTHNpDhN,54,CNN
154,0.0,Wed Dec 27 03:32:03 +0000 2017,1.0,0.0,0.0,"This timelapse shows the progression of snowfall in Erie, Pennslyvania https://t.co/UOVGYvzwEc https://t.co/lcIcrzSio0",55,CNN
155,0.5106,Wed Dec 27 03:22:29 +0000 2017,0.784,0.0,0.216,A North Carolina family comes to the rescue on Christmas Eve. Twice. https://t.co/2O0yz6bzHT https://t.co/UBx0ea8ea4,56,CNN
156,0.3612,Wed Dec 27 03:12:51 +0000 2017,0.872,0.0,0.128,A Kremlin spokesman says Russia is ready to act as mediator for the US and North Korea https://t.co/7BRlZoVZwn https://t.co/oeh2t1yS4L,57,CNN
157,0.8083,Wed Dec 27 03:01:37 +0000 2017,0.732,0.0,0.268,"""Our child might be the reason you drink, so enjoy this bottle on us."" An Ohio couple rewarded their son's teachers‚Ä¶ https://t.co/xe6f9GIKx3",58,CNN
158,0.4019,Wed Dec 27 02:35:51 +0000 2017,0.816,0.0,0.184,"This street in Okayama, Japan is devoted to denim https://t.co/sjxBHM2BmQ via @CNNStyle https://t.co/zPqG3NjmcH",59,CNN
159,-0.6124,Wed Dec 27 02:28:04 +0000 2017,0.641,0.265,0.094,This Syrian baby lost his eye to war. Now people are covering their eyes in solidarity. https://t.co/SYA8hVwg7t https://t.co/8uXA9upjsg,60,CNN
160,0.0,Wed Dec 27 02:22:32 +0000 2017,1.0,0.0,0.0,"Filmed from inside cars and hotel rooms, CNN's Justin Robertson gives us a rare insight into life in Pyongyang, Nor‚Ä¶ https://t.co/ePIBKaUbUO",61,CNN
161,0.4019,Wed Dec 27 02:09:03 +0000 2017,0.881,0.0,0.119,Sen. Bernie Sanders: ‚ÄúWe need a revolution in the way we treat women in the workforce from the bottom on up.‚Äù‚Ä¶ https://t.co/15FwHpa3qz,62,CNN
162,0.7269,Wed Dec 27 01:51:01 +0000 2017,0.736,0.0,0.264,RT @OutFrontCNN: Billy Graham‚Äôs granddaughter: President Trump has not shown me that he is a strong man of faith https://t.co/oBFMuG6hHY,63,CNN
163,0.0,Wed Dec 27 01:50:55 +0000 2017,1.0,0.0,0.0,"RT @OutFrontCNN: Rev. Billy Graham's granddaughter Jerushah Armfield says the term ""evangelical"" is outdated and even ""hypocritical,"" addin‚Ä¶",64,CNN
164,-0.1779,Wed Dec 27 01:45:12 +0000 2017,0.796,0.119,0.085,"First, Crystal Travis helped a family escape a house fire in Cleveland County, North Carolina. Then, her husband pe‚Ä¶ https://t.co/dgaFB31uXk",65,CNN
165,0.0,Wed Dec 27 01:31:03 +0000 2017,1.0,0.0,0.0,Investors think the iPhone X is a disappoinment https://t.co/7x1XwbmJ5G https://t.co/LAc4Up1sKu,66,CNN
166,0.0,Wed Dec 27 01:15:03 +0000 2017,1.0,0.0,0.0,Jamie Lynn Spears is pregnant with her second child https://t.co/4gnPmn7bkT https://t.co/OteS7xTeaA,67,CNN
167,-0.5574,Wed Dec 27 01:08:06 +0000 2017,0.735,0.265,0.0,"Tunisia suspends Emirates flights following female passenger travel ban
https://t.co/Nzn0QeHh46 https://t.co/DW6eOLyz3U",68,CNN
168,0.0,Wed Dec 27 01:00:45 +0000 2017,1.0,0.0,0.0,"To the world, Daniel Boulud is a renowned culinary master with 14 restaurants worldwide. But to his ‚ÄúFrench Connect‚Ä¶ https://t.co/0pWnQzdbMw",69,CNN
169,0.1027,Wed Dec 27 00:36:31 +0000 2017,0.676,0.153,0.171,Singer Joy Villa alleges former Trump presidential campaign manager Corey Lewandowski assaulted her at Trump hotel‚Ä¶ https://t.co/xDbQXz9Heg,70,CNN
170,0.0,Wed Dec 27 00:16:45 +0000 2017,1.0,0.0,0.0,Meet the culinary master known as ‚Äòpapa‚Äô | via @CNNTravel https://t.co/KvFjze9uly https://t.co/Ws6xmVwJhs,71,CNN
171,-0.6124,Wed Dec 27 00:00:26 +0000 2017,0.641,0.265,0.094,This Syrian baby lost his eye to war. Now people are covering their eyes in solidarity. https://t.co/8dHmMvDyJF https://t.co/bIj2xFVPZI,72,CNN
172,0.0,Tue Dec 26 23:46:02 +0000 2017,1.0,0.0,0.0,A video capturing an unidentified object flying off the coast of San Diego in 2004 has been released by the US Depa‚Ä¶ https://t.co/89PwWAulmW,73,CNN
173,0.0,Tue Dec 26 23:30:09 +0000 2017,1.0,0.0,0.0,These four chefs met in the ‚Äò80s ‚Ä¶ and changed everything | via @CNNTravel https://t.co/l5hQWDYdwi https://t.co/dOO6hjvnQb,74,CNN
174,0.4215,Tue Dec 26 23:17:14 +0000 2017,0.859,0.0,0.141,The US Coast Guard rescued a sea turtle entangled in bundles of cocaine off the coast of Florida https://t.co/3s9DVeN3Ww,75,CNN
175,-0.4767,Tue Dec 26 23:00:55 +0000 2017,0.86,0.14,0.0,"Former Clinton aide Keith Boykin says Trump ""should be ashamed of himself for accomplishing so little with having a‚Ä¶ https://t.co/en5OnRgauf",76,CNN
176,0.4019,Tue Dec 26 22:45:03 +0000 2017,0.881,0.0,0.119,Sen. Bernie Sanders: ‚ÄúWe need a revolution in the way we treat women in the workforce from the bottom on up.‚Äù‚Ä¶ https://t.co/mPtXUEwoQ1,77,CNN
177,0.0,Tue Dec 26 22:37:03 +0000 2017,1.0,0.0,0.0,Oil hits $60 a barrel for the first time in 2.5 years https://t.co/C0NvG15ZS0 https://t.co/Uxa8qgwg7G,78,CNN
178,-0.1779,Tue Dec 26 22:30:20 +0000 2017,0.856,0.086,0.058,"Sen. Bernie Sanders on DACA: ‚ÄúIf we do not act, you‚Äôre going to have 800,000 people with no legal status who will b‚Ä¶ https://t.co/uZG6DgxYzv",79,CNN
179,-0.2263,Tue Dec 26 22:16:30 +0000 2017,0.769,0.132,0.099,This Vietnam vet's dying wish was to see 'Star Wars: The Last Jedi'. His community came together to give him that a‚Ä¶ https://t.co/HDpQebCJba,80,CNN
180,-0.5994,Tue Dec 26 22:07:07 +0000 2017,0.711,0.226,0.063,"The cities of New York, Philadelphia and San Francisco are suing the Department of Defense for failing to consisten‚Ä¶ https://t.co/KilOs4e7kW",81,CNN
181,0.4215,Tue Dec 26 22:02:32 +0000 2017,0.859,0.0,0.141,The US Coast Guard rescued a sea turtle entangled in bundles of cocaine off the coast of Florida https://t.co/DSoBNFGgkT,82,CNN
182,0.0,Tue Dec 26 21:53:05 +0000 2017,1.0,0.0,0.0,Virginia Democrat asks court to reconsider decision that made delegate race a tie https://t.co/W1aO1ZAID5 https://t.co/vdO4n7IqO9,83,CNN
183,0.0,Tue Dec 26 21:45:59 +0000 2017,1.0,0.0,0.0,A video capturing an unidentified object flying off the coast of San Diego in 2004 has been released by the US Depa‚Ä¶ https://t.co/TwQqm2zZXW,84,CNN
184,0.0,Tue Dec 26 21:30:12 +0000 2017,1.0,0.0,0.0,"A mining company announced that it is proceeding with plans to build an Alaskan gold and copper mine, which critics‚Ä¶ https://t.co/N9hZeB5RXL",85,CNN
185,0.2944,Tue Dec 26 21:15:52 +0000 2017,0.901,0.0,0.099,"""My personal belief is that there is very compelling evidence that we may not be alone,"" says former military intel‚Ä¶ https://t.co/dKV4P061zp",86,CNN
186,0.0,Tue Dec 26 21:07:06 +0000 2017,1.0,0.0,0.0,"The wildfires in California just keep shattering records this year, with costs topping $10 billion‚Ä¶ https://t.co/p1HWVpmopp",87,CNN
187,0.5574,Tue Dec 26 21:00:20 +0000 2017,0.795,0.0,0.205,"President Trump has scored some successes in foreign policy, writes Peter Bergen for @CNNOpinion‚Ä¶ https://t.co/fZZlMCI8EJ",88,CNN
188,-0.0258,Tue Dec 26 20:52:06 +0000 2017,0.945,0.055,0.0,A British woman who says she was carrying painkillers for her ailing partner was sentenced to three years in prison‚Ä¶ https://t.co/fgyhqsd1qs,89,CNN
189,0.481,Tue Dec 26 20:45:06 +0000 2017,0.779,0.0,0.221,Here's another sign that shoppers spent big this holiday season https://t.co/CxES9aKqki https://t.co/OaPs60NCoP,90,CNN
190,0.6369,Tue Dec 26 20:30:06 +0000 2017,0.53,0.0,0.47,Amazon unveils the top holiday gifts this season https://t.co/4DoJMiHTDZ https://t.co/ITtdmJaNpy,91,CNN
191,0.8271,Tue Dec 26 20:15:08 +0000 2017,0.476,0.0,0.524,2017 was a great year to be rich https://t.co/ZbmGT49Pnx https://t.co/wJHtG2ExUB,92,CNN
192,0.0,Tue Dec 26 20:00:15 +0000 2017,1.0,0.0,0.0,The NFL has canceled Sunday Night Football this week https://t.co/QiDJeq7uTw https://t.co/zYPsuPuzbg,93,CNN
193,-0.1027,Tue Dec 26 19:45:13 +0000 2017,0.692,0.169,0.138,Treasury escalates pressure on North Korea with more sanctions https://t.co/dc5pBxeThx https://t.co/tTkIMjupkt,94,CNN
194,0.0,Tue Dec 26 19:44:13 +0000 2017,1.0,0.0,0.0,RT @CNNnewsroom: The Salt Lake Tribune's Editorial Page Editor tells @donlemon why the paper is calling on Senator Orrin Hatch not to seek‚Ä¶,95,CNN
195,-0.8402,Tue Dec 26 19:30:19 +0000 2017,0.714,0.286,0.0,"""The Sound of Music,"" actress Heather Menzies Urich has died of brain cancer, said her son. She was 68 years old‚Ä¶ https://t.co/geV4nPsfJU",96,CNN
196,-0.5859,Tue Dec 26 19:17:00 +0000 2017,0.789,0.211,0.0,An iconic tree on the White House grounds is scheduled to be cut down after years of decay https://t.co/bg2C3sQ0Td https://t.co/00Vw8WOZVq,97,CNN
197,0.3612,Tue Dec 26 19:00:28 +0000 2017,0.872,0.0,0.128,A Kremlin spokesman says Russia is ready to act as mediator for the US and North Korea https://t.co/ymnQlgvVUm https://t.co/Usdt6zkL6m,98,CNN
198,0.0,Tue Dec 26 18:45:08 +0000 2017,1.0,0.0,0.0,President Trump has spent nearly one-third of his presidency at a Trump property https://t.co/Wf8HwDeDbe https://t.co/cumPR1jaFo,99,CNN
199,-0.3724,Tue Dec 26 18:30:07 +0000 2017,0.892,0.108,0.0,"RT @CNNnewsroom: Rep. Jackie Speier: ""This President does not respect the rule of law... He is constantly putting down the very institution‚Ä¶",100,CNN
200,0.4215,Wed Dec 27 14:41:01 +0000 2017,0.55,0.155,0.295,"Despite poor approval ratings, President Trump remains profoundly popular among white working-class voters‚Ä¶ https://t.co/4i7NvU8V29",1,CBS News
201,0.0,Wed Dec 27 14:21:00 +0000 2017,1.0,0.0,0.0,"Zimbabwe's new president appoints ex-military commander as VP, deepening concerns about the military's influence af‚Ä¶ https://t.co/y0XdDdolH0",2,CBS News
202,-0.6486,Wed Dec 27 14:01:02 +0000 2017,0.807,0.193,0.0,"A dead whale, thought to be a male humpback around 30 feet long, washed ashore in Northern California on Christmas‚Ä¶ https://t.co/VYXmyvbfpA",3,CBS News
203,0.8074,Wed Dec 27 13:57:21 +0000 2017,0.722,0.0,0.278,A pair of best friends who have known each other for 60 years found out through a DNA-matching website that they ha‚Ä¶ https://t.co/Uc6r9XQea3,4,CBS News
204,-0.0644,Wed Dec 27 13:41:01 +0000 2017,0.825,0.072,0.103,"A growing number of travelers complain that resort, urban or facility fees can add up to $50 to your bill, but an a‚Ä¶ https://t.co/PO8L3JhMuR",5,CBS News
205,0.1027,Wed Dec 27 13:36:08 +0000 2017,0.856,0.063,0.081,"New technology is changing the way we pay for things, and mobile transactions worldwide are expected to top $721 bi‚Ä¶ https://t.co/jRmyqX3YaB",6,CBS News
206,0.0,Wed Dec 27 13:34:18 +0000 2017,1.0,0.0,0.0,Here's a look at some of this morning's other headlines on @CBSThisMorning: https://t.co/zBlgYd7tKv,7,CBS News
207,-0.2732,Wed Dec 27 13:25:12 +0000 2017,0.762,0.143,0.094,"The American scientist James Conant oversaw the creation of the first atomic bomb was afraid of a nuclear standoff,‚Ä¶ https://t.co/26wP1x2vyX",8,CBS News
208,0.0,Wed Dec 27 13:12:23 +0000 2017,1.0,0.0,0.0,A new study finds school-aged children who spent seven hours or more a week using computers or mobile video games t‚Ä¶ https://t.co/mWrYoTCnRy,9,CBS News
209,-0.34,Wed Dec 27 13:10:00 +0000 2017,0.602,0.255,0.144,American Intelligence officials say Russian cyber attacks could threaten the 2018 and 2020 U.S. elections.‚Ä¶ https://t.co/o6VBoySiXM,10,CBS News
210,-0.1027,Wed Dec 27 13:07:57 +0000 2017,0.928,0.072,0.0,Temperatures across much of the northern U.S. won‚Äôt get above freezing today. The chill follows a winter storm that‚Ä¶ https://t.co/LtKnDVsrJz,11,CBS News
211,-0.2023,Wed Dec 27 13:01:01 +0000 2017,0.632,0.207,0.161,Dozens say farewell to popular mall Santa who died before Christmas https://t.co/u9HtayiwwI https://t.co/vtJYiBWjlN,12,CBS News
212,0.0,Wed Dec 27 12:53:34 +0000 2017,1.0,0.0,0.0,Here's a look at some of this morning's other headlines on @CBSThisMorning: https://t.co/dt8WO5rBb5,13,CBS News
213,-0.6584,Wed Dec 27 12:49:12 +0000 2017,0.625,0.272,0.103,An Ohio woman is free on parole after more than two decades in prison for a crime she says she did not commit. Tyra‚Ä¶ https://t.co/MEKT4CSnOo,14,CBS News
214,-0.7269,Wed Dec 27 12:41:01 +0000 2017,0.724,0.276,0.0,Construction halted on rebuilding church destroyed in 9/11 attacks amid rising costs and questions over how donatio‚Ä¶ https://t.co/PaWFPYg74H,15,CBS News
215,-0.0258,Wed Dec 27 12:37:21 +0000 2017,0.746,0.104,0.149,An attempted crackdown on hidden hotel charges now faces a potential roadblock in Washington. A growing number of t‚Ä¶ https://t.co/EXVjAvdlO7,16,CBS News
216,0.0,Wed Dec 27 12:33:49 +0000 2017,1.0,0.0,0.0,"Here are this morning‚Äôs three things you need to know:
1Ô∏è‚É£ Trump train station?
2Ô∏è‚É£ Taxpayers prepay 2018 bills
3Ô∏è‚É£‚Ä¶ https://t.co/xJMuxUzSkq",17,CBS News
217,0.0,Wed Dec 27 12:21:01 +0000 2017,1.0,0.0,0.0,"In his first interview since leaving office, former President Obama tells Prince Harry in an interview broadcast We‚Ä¶ https://t.co/tXx3kxDrT3",18,CBS News
218,0.0,Wed Dec 27 12:18:35 +0000 2017,1.0,0.0,0.0,President Obama gave his first interview since leaving office to Prince Harry. It was pre-recorded in Toronto last‚Ä¶ https://t.co/XLV4oFCfUY,19,CBS News
219,-0.9062,Wed Dec 27 12:17:09 +0000 2017,0.601,0.399,0.0,Four Ohio teens are facing murder charges after a passenger in a car was killed by a sandbag they allegedly threw o‚Ä¶ https://t.co/epGuCGMziE,20,CBS News
220,-0.6597,Wed Dec 27 12:15:18 +0000 2017,0.779,0.221,0.0,Three major U.S. cities are suing the Pentagon for an alleged failure to tell them when service members are disqual‚Ä¶ https://t.co/SulxIF1BdS,21,CBS News
221,0.4019,Wed Dec 27 12:11:13 +0000 2017,0.87,0.0,0.13,President Trump is promising more bipartisanship in the new year. He tweeted that Republicans and Democrats will co‚Ä¶ https://t.co/MPuV4tn112,22,CBS News
222,0.0772,Wed Dec 27 12:08:49 +0000 2017,0.925,0.0,0.075,"Investigators want to know how a so-called ""unauthorized"" passenger boarded a flight from Los Angeles to Tokyo. ANA‚Ä¶ https://t.co/SQTqSYGh7b",23,CBS News
223,0.0,Wed Dec 27 12:07:47 +0000 2017,1.0,0.0,0.0,Meteorologist @DanielleWBZ4 looks at the forecast and how long this winter blast will last https://t.co/MIVmp0FBJ5 https://t.co/xQMRnExNGl,24,CBS News
224,0.0,Wed Dec 27 12:05:12 +0000 2017,1.0,0.0,0.0,"The northern half of the country is waking up to frigid temperatures, following record-shattering snowfall along th‚Ä¶ https://t.co/OAanf6lViF",25,CBS News
225,0.0,Wed Dec 27 12:01:01 +0000 2017,1.0,0.0,0.0,Israel's transportation minister wants to name a future train station at the Western Wall after President Donald Tr‚Ä¶ https://t.co/1UymeXBktW,26,CBS News
226,0.4767,Wed Dec 27 11:55:01 +0000 2017,0.846,0.0,0.154,AHEAD on @CBSThisMorning: We chat with Kennedy Center Honoree Lionel Richie. Learn how the performer turned a plan‚Ä¶ https://t.co/3Doe3y9Gy8,27,CBS News
227,-0.4215,Wed Dec 27 11:45:01 +0000 2017,0.545,0.314,0.141,COMING UP on @CBSThisMorning: American intelligence officials warn Russian cyber attacks could threaten the upcomin‚Ä¶ https://t.co/i32gTez7Ou,28,CBS News
228,-0.4215,Wed Dec 27 11:41:01 +0000 2017,0.872,0.128,0.0,"The evacuation of critically ill patients has begun in the besieged Syrian enclave Eastern Ghouta, where the Red Cr‚Ä¶ https://t.co/fUlf5dKWn6",29,CBS News
229,0.0,Wed Dec 27 11:21:01 +0000 2017,1.0,0.0,0.0,American Airlines is reviewing why two professional basketball players were removed from a flight on Sunday after t‚Ä¶ https://t.co/60yIVBr75o,30,CBS News
230,0.4215,Wed Dec 27 11:03:08 +0000 2017,0.811,0.0,0.189,Report: Trump administration proposes to roll back offshore drilling safety measures https://t.co/7vips87CF9 https://t.co/Zsk7S44fQi,31,CBS News
231,-0.8225,Wed Dec 27 10:48:05 +0000 2017,0.568,0.432,0.0,Man arrested in Phoenix killings of estranged wife and 2 kids https://t.co/UPVFZpA3Zx https://t.co/I6oGf3JdQW,32,CBS News
232,-0.6369,Wed Dec 27 10:33:06 +0000 2017,0.679,0.321,0.0,Florida man accused of attacking ATM for dispensing too much cash https://t.co/qQTgRixhjn https://t.co/09woMaeOUa,33,CBS News
233,-0.7845,Wed Dec 27 10:18:08 +0000 2017,0.433,0.433,0.134,Friends and family mourn Maryland couple killed in Christmas Eve plane crash https://t.co/jpvleeWu5J https://t.co/ae48syrs7T,34,CBS News
234,-0.3612,Wed Dec 27 10:03:05 +0000 2017,0.64,0.24,0.12,Cities sue Defense Department over gun-check system failures https://t.co/sF5S4gfZj6 https://t.co/Q7J9BrxCDc,35,CBS News
235,0.8074,Wed Dec 27 09:48:05 +0000 2017,0.552,0.0,0.448,Best friends for 60 years discover they are brothers https://t.co/E0dZUlRZeP https://t.co/GhqPBBUdkh,36,CBS News
236,-0.4588,Wed Dec 27 09:33:09 +0000 2017,0.769,0.231,0.0,Investigation after 77 domesticated rats found abandoned in Colorado https://t.co/F1Ik7pn0tb https://t.co/Szg8L5CLOm,37,CBS News
237,-0.6597,Wed Dec 27 09:18:08 +0000 2017,0.714,0.286,0.0,"Price of 40-year-old cancer drug hiked 1,400% by new owners https://t.co/F469EjTyw7 https://t.co/s1RCOsTTVE",38,CBS News
238,-0.34,Wed Dec 27 09:03:05 +0000 2017,0.833,0.167,0.0,"Long lines after passenger caught with gun, bullets at Orlando airport https://t.co/nCWm296M2Z https://t.co/GyUqFa5VZP",39,CBS News
239,0.0,Wed Dec 27 08:58:05 +0000 2017,1.0,0.0,0.0,Chrissy Teigen tweetstorms while Tokyo-bound flight returns to L.A. https://t.co/E7npr9hkmH https://t.co/cCrQuaevEZ,40,CBS News
240,0.2023,Wed Dec 27 08:48:05 +0000 2017,0.878,0.0,0.122,Man says he sent gift-wrapped horse manure to Treasury Secretary Steven Mnuchin https://t.co/iOvWSPFg52 https://t.co/eYL3DKh4IT,41,CBS News
241,0.0,Wed Dec 27 08:33:04 +0000 2017,1.0,0.0,0.0,U.S. fishermen feel a chill from wind turbines https://t.co/lp75ZPekSy https://t.co/jB0rf6V5dG,42,CBS News
242,0.0,Wed Dec 27 08:18:09 +0000 2017,1.0,0.0,0.0,Florida Keys tourism impacted by hurricane-battered resorts https://t.co/f4ElKZiv16 https://t.co/Q71ce9wFqi,43,CBS News
243,-0.5267,Wed Dec 27 08:03:04 +0000 2017,0.638,0.362,0.0,Report: Washington miscalculated Russian threat https://t.co/yC1Ss5s36D https://t.co/ER3HJs19nz,44,CBS News
244,-0.7964,Wed Dec 27 07:48:04 +0000 2017,0.679,0.321,0.0,"12-year-old Colorado girl, troubled by Flint water crisis more than 1,000 miles away, invents lead detector‚Ä¶ https://t.co/ZsljrwXJLV",45,CBS News
245,0.0,Wed Dec 27 07:33:08 +0000 2017,1.0,0.0,0.0,8 things that will cost more in 2018 https://t.co/oSF7GYtFo3 https://t.co/cTuLhhRn3u,46,CBS News
246,0.6486,Wed Dec 27 07:18:05 +0000 2017,0.694,0.0,0.306,United Airlines apologizes to passenger who says U.S. Rep got her seat https://t.co/ZXntLVG1Iq https://t.co/oP09Mdveob,47,CBS News
247,0.0,Wed Dec 27 07:03:05 +0000 2017,1.0,0.0,0.0,What is Boxing Day and how did it get its name? https://t.co/bBnm835X1L https://t.co/xpH1Or7gRZ,48,CBS News
248,0.0,Wed Dec 27 06:48:05 +0000 2017,1.0,0.0,0.0,"Part of Jackson Magnolia on South Lawn coming down, White House says https://t.co/rIL7vEPwL1 https://t.co/zM60MMVujj",49,CBS News
249,-0.4767,Wed Dec 27 06:33:05 +0000 2017,0.744,0.256,0.0,British woman convicted of smuggling painkillers in Egypt https://t.co/c6FSfxR0gb https://t.co/pCZYvWzc6Y,50,CBS News
250,-0.8225,Wed Dec 27 06:18:08 +0000 2017,0.568,0.432,0.0,Man arrested in Phoenix killings of estranged wife and 2 kids https://t.co/abCenAUySp https://t.co/eIrAr3Hqi8,51,CBS News
251,0.0,Wed Dec 27 06:03:05 +0000 2017,1.0,0.0,0.0,What thin people don‚Äôt understand about dieting https://t.co/eyYZRZ6FTb https://t.co/3xLClENWXo,52,CBS News
252,0.0,Wed Dec 27 05:48:04 +0000 2017,1.0,0.0,0.0,"Christmas storm buries Erie, Pennsylvania, with record snowfall https://t.co/FfAX8HTCeV https://t.co/swW1oBReeR",53,CBS News
253,0.0,Wed Dec 27 05:33:05 +0000 2017,1.0,0.0,0.0,9 tax breaks in the new GOP tax bill https://t.co/hnn6JCKNN2 https://t.co/pPj3ys6b5M,54,CBS News
254,0.8074,Wed Dec 27 05:18:08 +0000 2017,0.552,0.0,0.448,Best friends for 60 years discover they are brothers https://t.co/CGhvEbqExD https://t.co/aiZ4IIZzgq,55,CBS News
255,-0.6597,Wed Dec 27 05:03:09 +0000 2017,0.714,0.286,0.0,"Price of 40-year-old cancer drug hiked 1,400% by new owners https://t.co/0Y6qkjhfKf https://t.co/sF4XNmjISA",56,CBS News
256,-0.7845,Wed Dec 27 04:48:06 +0000 2017,0.433,0.433,0.134,Friends and family mourn Maryland couple killed in Christmas Eve plane crash https://t.co/PkI1BhxhQJ https://t.co/skPvx4W5kW,57,CBS News
257,-0.296,Wed Dec 27 04:33:07 +0000 2017,0.804,0.196,0.0,Missing autistic boy found in pool Christmas morning https://t.co/6ZLckCTFUA https://t.co/Sol09wamUm,58,CBS News
258,-0.5574,Wed Dec 27 04:26:06 +0000 2017,0.69,0.31,0.0,"Shots fired near Memphis mall, police say https://t.co/nDSIUYYz77 https://t.co/rfbW1pDYTC",59,CBS News
259,-0.3182,Wed Dec 27 04:18:06 +0000 2017,0.827,0.173,0.0,Woman shocked to see online electric bill of $284 billion https://t.co/kBQEKq70tp https://t.co/dqaoN9Urfr,60,CBS News
260,0.0,Wed Dec 27 04:03:05 +0000 2017,1.0,0.0,0.0,"Police swarm Troy, New York, home after 4 bodies found in basement https://t.co/opX1HP1B0N https://t.co/vGi8BUQioC",61,CBS News
261,0.91,Wed Dec 27 03:45:30 +0000 2017,0.61,0.0,0.39,"""This is the best Christmas present I could ever imagine having."" Two men in Hawaii who have been best friends for‚Ä¶ https://t.co/nRLgJrddEt",62,CBS News
262,-0.7269,Wed Dec 27 03:30:13 +0000 2017,0.596,0.404,0.0,Construction halted on rebuilding church destroyed in 9/11 attacks https://t.co/WHe4RNuXUc https://t.co/hTX635n0of,63,CBS News
263,0.0772,Wed Dec 27 03:06:04 +0000 2017,0.68,0.15,0.17,American Airlines apologizes after black athletes are accused of theft https://t.co/sy4zCs2qNr https://t.co/H5l9zHAHb0,64,CBS News
264,-0.0772,Wed Dec 27 03:00:01 +0000 2017,0.704,0.156,0.141,"Egyptian court convicted a British woman of smuggling hundreds of powerful painkillers into the country, sentencing‚Ä¶ https://t.co/hQsDpOgWrP",65,CBS News
265,-0.8442,Wed Dec 27 02:40:02 +0000 2017,0.701,0.299,0.0,Man who killed his mother and then fired more than 100 rounds at police during an eight-hour standoff before killin‚Ä¶ https://t.co/AawyMibBHw,66,CBS News
266,-0.34,Wed Dec 27 02:20:00 +0000 2017,0.701,0.182,0.117,"At 95 years old, World War II internment camp survivor still on pointe teaching ballet https://t.co/BQf8tp1hSh https://t.co/IBa5tckjaI",67,CBS News
267,-0.3612,Wed Dec 27 02:03:30 +0000 2017,0.815,0.185,0.0,"""Destroyed"" Rockport struggles to recover months after Hurricane Harvey hit https://t.co/ZsEx6Z0laC https://t.co/nuGG0EwKWr",68,CBS News
268,-0.6976,Wed Dec 27 01:40:01 +0000 2017,0.776,0.224,0.0,"Doctors are looking to Australia, which had its most severe flu season in five years, since conditions can be the s‚Ä¶ https://t.co/vXzP8mc27D",69,CBS News
269,0.0,Wed Dec 27 01:20:32 +0000 2017,1.0,0.0,0.0,Winter storm that began on Christmas Day buried this Pennsylvania city with 53 inches of snowfall. And there's more‚Ä¶ https://t.co/uozuN68LhT,70,CBS News
270,0.6808,Wed Dec 27 00:59:01 +0000 2017,0.772,0.0,0.228,"We're dancing on the ceiling at the Kennedy Center with honorees Lionel Richie, LL Cool J, Carmen de Lavallade, Nor‚Ä¶ https://t.co/pHe4o6qa1m",71,CBS News
271,-0.296,Wed Dec 27 00:40:01 +0000 2017,0.605,0.242,0.153,Singer Joy Villa says she filed sexual assault complaint against President Trump's former campaign manager Corey Le‚Ä¶ https://t.co/qu4CJwt4FN,72,CBS News
272,-0.4939,Wed Dec 27 00:20:01 +0000 2017,0.849,0.151,0.0,"""Phony lawyer"" who in 2010 was fined millions of dollars for providing fraudulent immigration services has since st‚Ä¶ https://t.co/6Ce9SjSJyL",73,CBS News
273,0.4767,Wed Dec 27 00:03:28 +0000 2017,0.694,0.09,0.216,"What's the secret to staying young? For one woman, it's doing the thing you love, no matter the obstacle.‚Ä¶ https://t.co/ArZDcPZM2c",74,CBS News
274,0.4767,Wed Dec 27 00:03:26 +0000 2017,0.694,0.09,0.216,"What's the secret to staying young? For one woman, it's doing the thing you love, no matter the obstacle.‚Ä¶ https://t.co/DQgaXDlLk6",75,CBS News
275,-0.2846,Tue Dec 26 23:56:54 +0000 2017,0.903,0.097,0.0,"If a food could make you sick, it would be pulled immediately from store shelves, but today, the Department of Heal‚Ä¶ https://t.co/1h9K00c6ck",76,CBS News
276,0.0,Tue Dec 26 23:51:20 +0000 2017,1.0,0.0,0.0,"Rockport, Texas, was the first town to be hit by Hurricane Harvey four months ago. It's also one of the slowest to‚Ä¶ https://t.co/qQdRTVdcGD",77,CBS News
277,0.0258,Tue Dec 26 23:48:29 +0000 2017,0.773,0.112,0.116,"As the holiday season continues, the U.S. is also entering peak flu season. @DrLaPook explains why there are fears‚Ä¶ https://t.co/ODF0Z0lYAI",78,CBS News
278,0.0,Tue Dec 26 23:43:24 +0000 2017,1.0,0.0,0.0,"Before he hit the golf course today, President Trump tweeted that Obamacare has essentially been repealed now that‚Ä¶ https://t.co/AuFJ18AoEd",79,CBS News
279,-0.7717,Tue Dec 26 23:37:38 +0000 2017,0.637,0.307,0.056,Three large cities are suing the Dept. of Defense for failing to report the names of service members disqualified f‚Ä¶ https://t.co/sPf7x5pd7F,80,CBS News
280,0.0,Tue Dec 26 23:34:27 +0000 2017,1.0,0.0,0.0,"Almost the entire northern half of the country will wake up Wednesday to below-freezing temperatures. Erie, Pennsyl‚Ä¶ https://t.co/Jp34hfehU7",81,CBS News
281,0.0,Tue Dec 26 23:20:01 +0000 2017,1.0,0.0,0.0,Tesla's Elon Musk sets his sights on the consumer pickup truck market https://t.co/TJysUkdWxW https://t.co/niBOItbAj7,82,CBS News
282,-0.6597,Tue Dec 26 23:00:01 +0000 2017,0.812,0.188,0.0,"Bus careened off road and onto steps leading into an underground passageway in Moscow, killing at least four people‚Ä¶ https://t.co/HY2TI2OYSW",83,CBS News
283,0.6249,Tue Dec 26 22:40:01 +0000 2017,0.788,0.0,0.212,Rapper T.I. surprised single moms at an Atlanta-area Target store when he announced that he would take care of thei‚Ä¶ https://t.co/Rn8SJD5Wuq,84,CBS News
284,-0.296,Tue Dec 26 22:20:01 +0000 2017,0.879,0.121,0.0,Army veteran in Oklahoma was reunited with his missing dog just in time for Christmas https://t.co/nBZsA5k002 https://t.co/zCUWzxnfdL,85,CBS News
285,-0.8225,Tue Dec 26 22:00:01 +0000 2017,0.568,0.432,0.0,Man arrested in Phoenix killings of estranged wife and 2 kids https://t.co/mTShxwnGos https://t.co/u2SC51gpy0,86,CBS News
286,0.4767,Tue Dec 26 21:40:01 +0000 2017,0.78,0.0,0.22,The old-school arcade game of pinball is resurging in popularity https://t.co/69QXrTGFmH https://t.co/26g3KswSPE,87,CBS News
287,-0.4019,Tue Dec 26 21:20:02 +0000 2017,0.863,0.137,0.0,"A Christmas storm dumped a record amount of snow on the Pennsylvania city of Erie and surrounding areas, forecaster‚Ä¶ https://t.co/ip5IzujbJx",88,CBS News
288,0.128,Tue Dec 26 21:00:01 +0000 2017,0.897,0.0,0.103,The world's largest legal recreational marijuana market kicks off Monday in California https://t.co/6qXKF7jupw https://t.co/xL8199WYyW,89,CBS News
289,0.0772,Tue Dec 26 20:40:01 +0000 2017,0.915,0.0,0.085,"Amid challenges, music became Gloria Estefan's ""catharsis"" and her ""everything""; the Cuban-American singer, songwri‚Ä¶ https://t.co/RV9PUMFfwm",90,CBS News
290,0.0,Tue Dec 26 20:20:01 +0000 2017,1.0,0.0,0.0,"Frigid temperatures in many parts of the U.S. will linger into the New Year, meteorologists say‚Ä¶ https://t.co/q7ZA6FAl0H",91,CBS News
291,0.0516,Tue Dec 26 20:00:04 +0000 2017,0.862,0.063,0.075,Meet the climbing team that took on the chilling challenge to summit six mountains in Antarctica‚Ä¶ https://t.co/w5ewqUPoYQ,92,CBS News
292,0.4404,Tue Dec 26 19:40:01 +0000 2017,0.868,0.0,0.132,"At 95, Norman Lear is still producing; he's among the five legendary creative forces recognized at this year's Kenn‚Ä¶ https://t.co/KDi4hlXTT4",93,CBS News
293,0.128,Tue Dec 26 19:20:01 +0000 2017,0.919,0.0,0.081,Kremlin hints at possible legal repercussions for Russian opposition leader Alexei Navalny over his calls for a boy‚Ä¶ https://t.co/WEzt6qvs8n,94,CBS News
294,0.4767,Tue Dec 26 19:00:02 +0000 2017,0.846,0.0,0.154,Los Angeles-based clinical psychologist behind horse manure delivery for Steven Mnuchin says he's proud of his pran‚Ä¶ https://t.co/kyvgaAPXFO,95,CBS News
295,-0.0258,Tue Dec 26 18:40:01 +0000 2017,0.796,0.104,0.1,"After convictions of two others, former South American soccer official is acquitted of corruption charges at  U.S.‚Ä¶ https://t.co/kGu7CK7MPC",96,CBS News
296,0.0,Tue Dec 26 18:20:01 +0000 2017,1.0,0.0,0.0,"Three months after Hurricane Irma hit Florida, the storm is still leaving businesses flat in the Keys -- many of th‚Ä¶ https://t.co/ZG7WfHWn9m",97,CBS News
297,0.7351,Tue Dec 26 18:00:02 +0000 2017,0.744,0.0,0.256,"How to watch the 2017 Kennedy Center Honors, in which five legendary creative forces are recognized for their contr‚Ä¶ https://t.co/6XZs3yjEW6",98,CBS News
298,0.0,Tue Dec 26 17:40:01 +0000 2017,1.0,0.0,0.0,"Utah's largest newspaper calls on Orrin Hatch, the state's senior senator, to step down in blistering editorial‚Ä¶ https://t.co/JGAWydL1A9",99,CBS News
299,0.8074,Tue Dec 26 17:20:02 +0000 2017,0.673,0.0,0.327,"Two men in Hawaii, best friends for 60 years, recently learn that they are brothers https://t.co/6WepITycHp https://t.co/0BcCOGu7Tq",100,CBS News
300,0.0,Wed Dec 27 14:37:08 +0000 2017,1.0,0.0,0.0,".@jamil_n_jaffer: The idea that the Russia probe will come to a quick end seems ""highly unlikely."" @AmericaNewsroom https://t.co/gmcPfi0l2Z",1,Fox News
301,0.3182,Wed Dec 27 14:28:09 +0000 2017,0.827,0.0,0.173,Utah sheriff‚Äôs deputy rescues boy who fell through frozen pond https://t.co/5cSIUkDAym https://t.co/fUss2xmeoW,2,Fox News
302,0.5719,Wed Dec 27 14:21:51 +0000 2017,0.764,0.0,0.236,"Trump ends 2017 with big wins on economy, taxes, ISIS and more https://t.co/BHnfS8ryQU",3,Fox News
303,0.5859,Wed Dec 27 14:18:45 +0000 2017,0.703,0.0,0.297,.@RealDonaldTrump aims to take tax win momentum into 2018 https://t.co/KIkznYttai,4,Fox News
304,0.1027,Wed Dec 27 13:30:06 +0000 2017,0.773,0.105,0.123,.@GOPChairwoman: ‚ÄúWe know historically the party that holds the White House loses seats in the midterms and that‚Äôs‚Ä¶ https://t.co/2SGatkzhgw,5,Fox News
305,0.3818,Wed Dec 27 12:56:22 +0000 2017,0.833,0.0,0.167,.@JohnJamesMI on @foxandfriends: ‚ÄúOur president has kept his promises to the American people.‚Äù https://t.co/nE8b7QBza8,6,Fox News
306,-0.0258,Wed Dec 27 12:52:00 +0000 2017,0.457,0.274,0.269,Trump supporter Joy Villa says she filed a sexual assault complaint against Corey Lewandowski https://t.co/EKBwlXykgv,7,Fox News
307,0.5859,Wed Dec 27 12:43:36 +0000 2017,0.826,0.0,0.174,OPINION: Rep. Diane Black: I'm stepping down as chairman of the House Budget Committee after a successful year with‚Ä¶ https://t.co/fYTXT51zsx,8,Fox News
308,0.296,Wed Dec 27 12:24:28 +0000 2017,0.741,0.102,0.157,.@LarrySabato on @foxandfriends: ‚ÄúI think there‚Äôs no question that Democrats will gain seats in the governorship st‚Ä¶ https://t.co/dSCBwRqsLi,9,Fox News
309,0.0,Wed Dec 27 12:21:19 +0000 2017,1.0,0.0,0.0,"Take a look at this time-lapse of a snowstorm in Erie, Pennsylvania. A total of 34 inches fell on the town in one d‚Ä¶ https://t.co/sRbP567L3M",10,Fox News
310,-0.4588,Wed Dec 27 12:16:46 +0000 2017,0.833,0.167,0.0,Tokyo-bound flight from Los Angeles forced to turn around after 'unauthorized person' found on plane https://t.co/F3kruR0guo,11,Fox News
311,-0.3818,Wed Dec 27 12:09:51 +0000 2017,0.809,0.191,0.0,WATCH: MLB Rookie Shocks Parents By Paying Off Mortgage for Christmas https://t.co/RVUywlR4SO,12,Fox News
312,0.2732,Wed Dec 27 12:07:41 +0000 2017,0.769,0.0,0.231,Cyclist creates 88-mile virtual snowman across London https://t.co/8uDBxK4qkw,13,Fox News
313,0.4767,Wed Dec 27 12:00:02 +0000 2017,0.819,0.0,0.181,"Lifelong friends in Hawaii discover they're also brothers in 'a Christmas miracle,' report says https://t.co/tiX7FC008h",14,Fox News
314,0.0772,Wed Dec 27 11:59:59 +0000 2017,0.915,0.0,0.085,'Go For It Dude': Lawrence Jones Challenges Jeff Flake on Trump 2020 Primary Remarks https://t.co/lxBqqXmcKi,15,Fox News
315,0.0,Wed Dec 27 11:56:59 +0000 2017,1.0,0.0,0.0,".@RepDeSantis on @foxandfriends: ‚ÄúWe‚Äôve tried to get simple answers about the genesis of the dossier, about whether‚Ä¶ https://t.co/lO1LeVFcFO",16,Fox News
316,-0.4019,Wed Dec 27 11:45:04 +0000 2017,0.711,0.182,0.107,".@dbongino on college campus violence &amp; liberals thinking ""words are violence"": ""They think by engaging in violence‚Ä¶ https://t.co/qbHaHGyCQZ",17,Fox News
317,0.3182,Wed Dec 27 11:30:01 +0000 2017,0.813,0.0,0.187,"Utah sheriff‚Äôs deputy rescues boy from icy water, officials say https://t.co/9YJOvP5iyn",18,Fox News
318,0.0,Wed Dec 27 11:23:29 +0000 2017,1.0,0.0,0.0,".@GrecianFormula: ""We have to remember, the North Koreans have potentially as much as five thousand tons of chemica‚Ä¶ https://t.co/25EEJRrgpm",19,Fox News
319,0.0,Wed Dec 27 11:20:15 +0000 2017,1.0,0.0,0.0,Future train station at Western Wall could be named after Trump https://t.co/qgihyILL6i,20,Fox News
320,-0.296,Wed Dec 27 11:06:57 +0000 2017,0.855,0.145,0.0,"Guatemala defends decision to move embassy to Jerusalem, no intention to reverse move https://t.co/cZjPVrke62",21,Fox News
321,0.0,Wed Dec 27 11:04:18 +0000 2017,1.0,0.0,0.0,ISIS Territory has Shrunk Drastically https://t.co/fwhVKMmnw4,22,Fox News
322,-0.3182,Wed Dec 27 11:00:01 +0000 2017,0.874,0.126,0.0,"ISIS has lost 98 percent of its territory -- mostly since @POTUS took office, officials say https://t.co/pDuErkrHGp",23,Fox News
323,-0.296,Wed Dec 27 10:45:00 +0000 2017,0.864,0.136,0.0,"Missing for 10 years, cat finds his way back to family after California wildfires https://t.co/POE4AjtKTW",24,Fox News
324,-0.25,Wed Dec 27 10:38:06 +0000 2017,0.667,0.333,0.0,Airlines Face Pilot Shortage https://t.co/mmuy8gy57x,25,Fox News
325,0.8779,Wed Dec 27 10:35:11 +0000 2017,0.409,0.0,0.591,Heroic rescue: deputy punches through ice to save child https://t.co/ij8sfqMy6M,26,Fox News
326,0.3182,Wed Dec 27 10:30:00 +0000 2017,0.813,0.0,0.187,Maryland police officer rescues bald eagle on Christmas Eve https://t.co/kOq0HLcgzc https://t.co/Jc9KX0TAoq,27,Fox News
327,-0.6249,Wed Dec 27 10:17:42 +0000 2017,0.494,0.506,0.0,Trump wiping out terrorists https://t.co/5olXk81K7u,28,Fox News
328,0.4588,Wed Dec 27 10:15:06 +0000 2017,0.824,0.0,0.176,.@KarlRove breaks down how the middle class will benefit from new tax law #TheStory https://t.co/mXvZjHPZaA,29,Fox News
329,-0.3818,Wed Dec 27 10:00:00 +0000 2017,0.809,0.191,0.0,WATCH: @MLB Rookie Shocks Parents By Paying Off Mortgage for Christmas https://t.co/PdWOwzuHUc,30,Fox News
330,-0.1779,Wed Dec 27 09:30:00 +0000 2017,0.667,0.188,0.145,Florida man arrested after punching ATM for 'giving him too much money' https://t.co/SXuXx4SOzs,31,Fox News
331,-0.4588,Wed Dec 27 09:20:00 +0000 2017,0.833,0.167,0.0,Tokyo-bound flight from Los Angeles forced to turn around after 'unauthorized person' found on plane https://t.co/DyyDdu0DlM,32,Fox News
332,-0.6908,Wed Dec 27 09:05:00 +0000 2017,0.695,0.305,0.0,"Virginia teen charged in death of girlfriend's parents mowed swastika in grass, neighbors say https://t.co/CSzbqAaYUf",33,Fox News
333,-0.3818,Wed Dec 27 09:00:04 +0000 2017,0.833,0.167,0.0,".@BuckSexton on @OutnumberedFNC Tuesday: ""The @BarackObama administration was inept...at defeating the Islamic Stat‚Ä¶ https://t.co/y4JLACxVlq",34,Fox News
334,-0.8625,Wed Dec 27 08:45:00 +0000 2017,0.556,0.444,0.0,"Newly-engaged pregnant mom, infant son, killed by alleged drunk driver in Christmas Eve crash https://t.co/ZW4gY2ZpLj",35,Fox News
335,-0.6597,Wed Dec 27 08:40:00 +0000 2017,0.732,0.268,0.0,New York Giants star Landon Collins calls teammate 'a cancer' https://t.co/62TXlIAiI7 via @RyanGaydos,36,Fox News
336,-0.5423,Wed Dec 27 08:30:00 +0000 2017,0.667,0.333,0.0,.@TheJuanWilliams: GOP will suffer for tax giveaway https://t.co/x5Z7qfrJCl,37,Fox News
337,-0.4939,Wed Dec 27 08:20:00 +0000 2017,0.769,0.231,0.0,Disgraced Rochester University professor on leave over sexual misconduct allegations still working on campus: report https://t.co/gnuvVBliB8,38,Fox News
338,0.128,Wed Dec 27 08:15:04 +0000 2017,0.741,0.116,0.143,".@jasoninthehouse on @JerryBrownGov pardoning immigrants about to be deported: ""There's no reason why these people‚Ä¶ https://t.co/N5tkLkD8XT",39,Fox News
339,-0.4215,Wed Dec 27 07:45:00 +0000 2017,0.598,0.277,0.125,"Texas woman accused of $300,000 in damages to artwork at prominent lawyer's home https://t.co/xHVkT9lRK0",40,Fox News
340,-0.4404,Wed Dec 27 07:30:00 +0000 2017,0.719,0.281,0.0,.@POTUS administration ends 2017 confronting Russia after year of collusion accusations https://t.co/0CohTQ63nZ,41,Fox News
341,0.0,Wed Dec 27 07:00:01 +0000 2017,1.0,0.0,0.0,".@MarkSteynOnline: If a President Were to Hold UN Accountable, 'Trump's the Guy Who Would' https://t.co/k5KHS7Bhzf",42,Fox News
342,-0.4404,Wed Dec 27 06:45:00 +0000 2017,0.775,0.225,0.0,"North Korean defector had anthrax antibodies in system, report says https://t.co/fKV0lSoQnq",43,Fox News
343,-0.3818,Wed Dec 27 06:30:00 +0000 2017,0.644,0.218,0.139,Piers Morgan says viewer saved him from cancer by spotting mark on his chest https://t.co/KgkUjNes3G,44,Fox News
344,-0.6908,Wed Dec 27 06:00:00 +0000 2017,0.68,0.32,0.0,".@POTUS predicts mandate repeal will kill ObamaCare, spur replacement plan https://t.co/Vcms4TmY4j",45,Fox News
345,0.3182,Wed Dec 27 05:45:00 +0000 2017,0.813,0.0,0.187,"Utah sheriff‚Äôs deputy rescues boy from icy water, officials say https://t.co/nOJXOWODMQ",46,Fox News
346,-0.4019,Wed Dec 27 05:30:02 +0000 2017,0.711,0.182,0.107,".@dbongino on college campus violence &amp; liberals thinking ""words are violence"": ""They think by engaging in violence‚Ä¶ https://t.co/xcgSsGy1Us",47,Fox News
347,0.2732,Wed Dec 27 05:00:00 +0000 2017,0.851,0.0,0.149,Tennessee family receives Christmas surprise after cop pulls them over for speeding https://t.co/vNVzobyfmD,48,Fox News
348,0.3182,Wed Dec 27 04:45:00 +0000 2017,0.813,0.0,0.187,Maryland police officer rescues bald eagle on Christmas Eve https://t.co/kOq0HKUFHE https://t.co/JfdN7RagnV,49,Fox News
349,-0.3182,Wed Dec 27 04:37:34 +0000 2017,0.874,0.126,0.0,"ISIS has lost 98 percent of its territory -- mostly since @POTUS took office, officials say https://t.co/pDuErka6OR",50,Fox News
350,0.0,Wed Dec 27 04:24:16 +0000 2017,1.0,0.0,0.0,Joseph Kony's first-born son seeks to reunite with warlord father https://t.co/tpl7ctyMFW,51,Fox News
351,0.128,Wed Dec 27 04:11:37 +0000 2017,0.741,0.116,0.143,".@jasoninthehouse on @JerryBrownGov pardoning immigrants about to be deported: ""There's no reason why these people‚Ä¶ https://t.co/KqANW6lwhD",52,Fox News
352,0.4404,Wed Dec 27 04:03:35 +0000 2017,0.818,0.0,0.182,Jenna Fischer of 'The Office' fame blasted over incorrect GOP tax bill tweet https://t.co/2ulVAPUczM,53,Fox News
353,-0.5106,Wed Dec 27 03:49:00 +0000 2017,0.798,0.202,0.0,".@LisaDaftari on cut to @UN budget: ""This is a symbolic cut...The U.S. will no longer tolerate other countries taki‚Ä¶ https://t.co/exOigkOdvy",54,Fox News
354,0.4767,Wed Dec 27 03:41:53 +0000 2017,0.819,0.0,0.181,"Lifelong friends in Hawaii discover they're also brothers in 'a Christmas miracle,' report says https://t.co/T7FOanmVRL",55,Fox News
355,-0.4404,Wed Dec 27 03:16:57 +0000 2017,0.719,0.281,0.0,.@POTUS administration ends 2017 confronting Russia after year of collusion accusations https://t.co/0CohTPOswr,56,Fox News
356,0.3182,Wed Dec 27 03:16:56 +0000 2017,0.813,0.0,0.187,"Utah sheriff‚Äôs deputy rescues boy from icy water, officials say https://t.co/LwhPVvS4Ua",57,Fox News
357,0.2732,Wed Dec 27 03:03:01 +0000 2017,0.792,0.0,0.208,OPINION: Swarthmore College offers a course in 'queering God' https://t.co/zWXEgCTIet,58,Fox News
358,-0.0191,Wed Dec 27 02:49:10 +0000 2017,0.944,0.056,0.0,"William Parker on the consequences of the U.S. ""doing nothing"" to prevent North Korea from maintaining its nuclear‚Ä¶ https://t.co/k88D9M07we",59,Fox News
359,-0.4939,Wed Dec 27 02:37:43 +0000 2017,0.775,0.225,0.0,Topless Activist Attempts to Steal Baby Jesus From Vatican Nativity Scene https://t.co/B5XaiirErR,60,Fox News
360,-0.6597,Wed Dec 27 02:24:43 +0000 2017,0.787,0.213,0.0,"""If you are a weaker student, someone who struggles to get through high school, then college is just going to be a‚Ä¶ https://t.co/hY788MISw5",61,Fox News
361,0.4019,Wed Dec 27 02:20:30 +0000 2017,0.876,0.0,0.124,"Niger Innis: ""I think you need a select &amp; distinct special counsel that can examine the corruption within the @FBI‚Ä¶ https://t.co/Nv9TC1qWAg",62,Fox News
362,-0.0772,Wed Dec 27 02:08:25 +0000 2017,0.702,0.158,0.14,".@Disney resorts add new security policy, removing 'Do Not Disturb' signs from rooms https://t.co/AHWhiGoqoK",63,Fox News
363,0.0258,Wed Dec 27 01:49:33 +0000 2017,0.569,0.214,0.217,".@alanmendoza on gains in the war against ISIS: ""I think the world does owe a great debt to #DonaldTrump and, indee‚Ä¶ https://t.co/ctcHT12xeT",64,Fox News
364,0.2732,Wed Dec 27 01:42:25 +0000 2017,0.851,0.0,0.149,Tennessee family receives Christmas surprise after cop pulls them over for speeding https://t.co/zUrLXh4EbE,65,Fox News
365,-0.4215,Wed Dec 27 01:39:57 +0000 2017,0.823,0.177,0.0,".@alanmendoza: ""I think the [@UN] General Assembly's just a waste of space.""  #Tucker  https://t.co/cH1XJVTxCa https://t.co/o0biIyROVL",66,Fox News
366,-0.5423,Wed Dec 27 01:31:14 +0000 2017,0.837,0.163,0.0,"Chris Swecker: ""[Former @FBI] Director Mueller is living with some of the...decisions and bad judgement of former D‚Ä¶ https://t.co/0FVdf58Pk8",67,Fox News
367,-0.765,Wed Dec 27 01:19:19 +0000 2017,0.34,0.49,0.17,Illegal immigrant arrested crossing Texas border previously assaulted a peace officer https://t.co/hN4gh8djrI,68,Fox News
368,-0.3182,Wed Dec 27 01:01:56 +0000 2017,0.874,0.126,0.0,"ISIS has lost 98 percent of its territory -- mostly since @POTUS took office, officials say https://t.co/pDuErka6OR",69,Fox News
369,0.25,Wed Dec 27 00:50:39 +0000 2017,0.789,0.083,0.127,".@gen_jackkeane on the U.S.'s slashed budget for the U.N., and how ""to improve its effectiveness"": ""We know that th‚Ä¶ https://t.co/X6k7dCIs7E",70,Fox News
370,0.0,Wed Dec 27 00:35:59 +0000 2017,1.0,0.0,0.0,".@marc_lotter on the economy's current performance: ""If this is Nancy Pelosi's apocalypse, we're doing quite well,‚Ä¶ https://t.co/TeLbrgurFh",71,Fox News
371,0.4588,Wed Dec 27 00:28:55 +0000 2017,0.824,0.0,0.176,.@KarlRove breaks down how the middle class will benefit from new tax law #TheStory https://t.co/0FObuAXj9h,72,Fox News
372,0.0382,Wed Dec 27 00:19:02 +0000 2017,0.919,0.0,0.081,.@theabstoddard: @senorrinhatch is now 'the swamp' if he doesn't leave his seat.  #SpecialReport‚Ä¶ https://t.co/cORXeZXk4l,73,Fox News
373,-0.6249,Wed Dec 27 00:12:01 +0000 2017,0.785,0.215,0.0,"Democrat Rep. Sheila Jackson Lee cites racism as source of @united 
Airlines incident in a statement https://t.co/1xxD2Kd79A",74,Fox News
374,-0.7717,Tue Dec 26 23:55:38 +0000 2017,0.691,0.309,0.0,Three US cities sue @DeptofDefense for allegedly failing to report servicemembers' criminal convictions to the @FBI‚Ä¶ https://t.co/IeBzL2YqDF,75,Fox News
375,0.0,Tue Dec 26 23:46:38 +0000 2017,1.0,0.0,0.0,"Part of historic Magnolia tree planted by President Andrew Jackson to be removed, @WhiteHouse says https://t.co/oQd5RLIhYs",76,Fox News
376,0.3818,Tue Dec 26 23:23:36 +0000 2017,0.852,0.0,0.148,".@JonathanTurley on #Trump-Russia investigation: ""Many people in Washington hoped that they would have stockings fi‚Ä¶ https://t.co/PPeqD559ag",77,Fox News
377,-0.6908,Tue Dec 26 23:17:10 +0000 2017,0.68,0.32,0.0,".@POTUS predicts mandate repeal will kill ObamaCare, spur replacement plan https://t.co/Vcms4T5ncL",78,Fox News
378,0.0,Tue Dec 26 23:01:08 +0000 2017,1.0,0.0,0.0,'The Office's' Jenna Fischer blasted over incorrect GOP tax bill tweet https://t.co/2ulVAPUczM,79,Fox News
379,-0.4404,Tue Dec 26 22:53:48 +0000 2017,0.775,0.225,0.0,"North Korean defector had anthrax antibodies in system, report says https://t.co/fKV0lS7fvS",80,Fox News
380,-0.4404,Tue Dec 26 22:41:52 +0000 2017,0.719,0.281,0.0,.@POTUS administration ends 2017 confronting Russia after year of collusion accusations https://t.co/0CohTPOswr,81,Fox News
381,0.3182,Tue Dec 26 22:29:02 +0000 2017,0.813,0.0,0.187,Maryland police officer rescues bald eagle on Christmas Eve https://t.co/kOq0HKUFHE https://t.co/RJxRR31yYG,82,Fox News
382,0.0,Tue Dec 26 22:20:48 +0000 2017,1.0,0.0,0.0,"Fetuses found in Detroit warehouse owned by body broker, report says https://t.co/SCwgJBpAZe",83,Fox News
383,0.34,Tue Dec 26 22:15:47 +0000 2017,0.821,0.0,0.179,Dustin Diamond stars as Harvey Weinstein in graphic new music video https://t.co/a6B3pPfWtE,84,Fox News
384,0.4939,Tue Dec 26 22:01:36 +0000 2017,0.789,0.0,0.211,Lt. Col. Peters: North Korea's Nuke Program Their All-In 'Hand of Poker' https://t.co/msasGMJhas,85,Fox News
385,-0.4019,Tue Dec 26 21:53:53 +0000 2017,0.711,0.182,0.107,".@dbongino on college campus violence &amp; liberals thinking ""words are violence"": ""They think by engaging in violence‚Ä¶ https://t.co/R8XiT0UJBm",86,Fox News
386,0.0,Tue Dec 26 21:40:18 +0000 2017,1.0,0.0,0.0,".@MarkSteynOnline: If a President Were to Hold UN Accountable, 'Trump's the Guy Who Would' https://t.co/k5KHS7jGHH",87,Fox News
387,-0.3818,Tue Dec 26 21:30:15 +0000 2017,0.809,0.191,0.0,WATCH: @MLB Rookie Shocks Parents By Paying Off Mortgage for Christmas https://t.co/PdWOwzd72E,88,Fox News
388,-0.872,Tue Dec 26 21:20:25 +0000 2017,0.452,0.548,0.0,Kentucky man charged with harboring a vicious animal after fatal pit bull attack https://t.co/fg28T7QGpt,89,Fox News
389,-0.0772,Tue Dec 26 21:10:59 +0000 2017,0.702,0.158,0.14,".@Disney resorts add new security policy, removes 'Do Not Disturb' signs from rooms https://t.co/AHWhiGoqoK",90,Fox News
390,0.0,Tue Dec 26 20:53:46 +0000 2017,1.0,0.0,0.0,Opinion: Here's a New Year's resolution that can change your life (via @FoxNewsOpinion) https://t.co/PVl8lQevlz,91,Fox News
391,0.4939,Tue Dec 26 20:30:07 +0000 2017,0.833,0.0,0.167,"Republican strategist @chrisprudhome: ""What is the point of individuals having health care when you can't actually‚Ä¶ https://t.co/C462wdeIjs",92,Fox News
392,0.0,Tue Dec 26 20:19:58 +0000 2017,1.0,0.0,0.0,Minnesota couple delivers Christmas Day baby on side of road https://t.co/jFZAN09jhC https://t.co/ya8LMQWVZw,93,Fox News
393,-0.296,Tue Dec 26 20:15:56 +0000 2017,0.905,0.095,0.0,".@FDD Senior Counselor John Hannah: ""There are no rules of the game in the cyber space, so as quickly as possible,‚Ä¶ https://t.co/Q0JjhziZeO",94,Fox News
394,0.0,Tue Dec 26 20:01:50 +0000 2017,1.0,0.0,0.0,"Erie, Pennsylvania buried under more than four feet of snow https://t.co/LjrLIeoid2",95,Fox News
395,0.0,Tue Dec 26 19:46:06 +0000 2017,1.0,0.0,0.0,"""Republicans tend to come home and...support whoever the incumbent or whoever the nominee is."" - Republican Strateg‚Ä¶ https://t.co/NgF9nbg2fr",96,Fox News
396,-0.6124,Tue Dec 26 19:32:00 +0000 2017,0.75,0.25,0.0,"Galveston, Texas considers storm surge barriers after Hurricane Harvey devastated the area. https://t.co/7gvhcjy8NM",97,Fox News
397,0.0,Tue Dec 26 19:25:02 +0000 2017,0.802,0.099,0.099,"""The inefficiency and overspending of the @UN are well known."" @Nikkihaley announces a $285M cut in the 2018-19 UN‚Ä¶ https://t.co/iXA8abj4c8",98,Fox News
398,-0.3818,Tue Dec 26 19:15:43 +0000 2017,0.822,0.178,0.0,WATCH: MLB Rookie @PavinSmith Shocks Parents By Paying Off Mortgage for Christmas https://t.co/Oa2ONJ6F4V,99,Fox News
399,-0.2716,Tue Dec 26 19:11:24 +0000 2017,0.878,0.122,0.0,"Former Federal Prosecutor Doug Burns: The Russia investigation is ""a highly charged, politically toxic situation."" https://t.co/6CkKAlVn7Y",100,Fox News
400,-0.4019,Wed Dec 27 14:40:08 +0000 2017,0.863,0.137,0.0,"In their less famous days, Anderson Cooper and Andy Cohen were almost set up on a blind date.‚Ä¶ https://t.co/wg2kRzG0sk",1,The New York Times
401,0.0,Wed Dec 27 14:31:21 +0000 2017,1.0,0.0,0.0,"RT @nytimesES: El periodista @AzamsAhmed estar√° respondiendo algunas preguntas sobre este reportaje: ""Con su enorme presupuesto de publicid‚Ä¶",2,The New York Times
402,-0.6124,Wed Dec 27 14:25:05 +0000 2017,0.762,0.238,0.0,"Israelis are outraged that Teva, one of the biggest makers of generic drugs, is cutting 14,000 jobs https://t.co/aCClRJbKQf",3,The New York Times
403,-0.6124,Wed Dec 27 14:10:06 +0000 2017,0.737,0.263,0.0,Obama warned against the irresponsible use of social media by people in positions of power https://t.co/ftLkbfNS6q,4,The New York Times
404,0.5574,Wed Dec 27 13:55:09 +0000 2017,0.806,0.0,0.194,"The ‚ÄúBest of Late Night,‚Äù with some of the funniest quips and most memorable moments https://t.co/ZhVG2ksIqy",5,The New York Times
405,0.7184,Wed Dec 27 13:40:07 +0000 2017,0.56,0.1,0.34,"Though the 2015 agreement was applauded by the United States, it was widely criticized in South Korea https://t.co/7w6eoF5H4w",6,The New York Times
406,0.25,Wed Dec 27 13:25:10 +0000 2017,0.9,0.0,0.1,"Hear what‚Äôs happened to Derek Black, once poised to lead the white nationalist movement, since we last spoke https://t.co/6XJIwtJTLv",7,The New York Times
407,0.0,Wed Dec 27 13:10:09 +0000 2017,1.0,0.0,0.0,Here‚Äôs what you need to know to start your day https://t.co/g0plBhqSTj,8,The New York Times
408,0.0,Wed Dec 27 12:57:22 +0000 2017,1.0,0.0,0.0,"After 12 men over 54 years, ‚ÄúDoctor Who‚Äù is a woman https://t.co/BvtqBy6Kfu",9,The New York Times
409,0.0,Wed Dec 27 12:40:50 +0000 2017,1.0,0.0,0.0,Barack Obama‚Äôs BBC Interview With Prince Harry https://t.co/UycTDe5CzI,10,The New York Times
410,0.0,Wed Dec 27 12:39:25 +0000 2017,1.0,0.0,0.0,To swipe or not to swipe? That‚Äôs the question on every iPhone X user‚Äôs mind now that the home button is gone. https://t.co/Rr5sjK5nfH,11,The New York Times
411,0.0,Wed Dec 27 12:22:28 +0000 2017,1.0,0.0,0.0,Uber and Lyft cars have slowed traffic in Manhattan to a crawl. One idea to fix it? Charge riders even more. https://t.co/SvCiIarJfx,12,The New York Times
412,0.5574,Wed Dec 27 12:06:04 +0000 2017,0.816,0.0,0.184,"A venerated romance writer with hundreds of books, Nora Roberts has now turned to the postapocalyptic subgenre https://t.co/EWmBuvJw1k",13,The New York Times
413,0.0,Wed Dec 27 11:47:24 +0000 2017,1.0,0.0,0.0,Contributing Op-Ed Writer: Inside of a Dog https://t.co/YoeyH9XYHs,14,The New York Times
414,0.0,Wed Dec 27 11:33:10 +0000 2017,1.0,0.0,0.0,The Daily: Listen to ‚ÄòThe Daily‚Äô: Revisiting a Former White Nationalist https://t.co/8WXjbQu267,15,The New York Times
415,0.6369,Wed Dec 27 11:20:06 +0000 2017,0.756,0.0,0.244,"Best of Late Night: Late-Night TV in 2017: Trump, Russia, Weinstein and More https://t.co/FeCJc5PmcH",16,The New York Times
416,-0.6369,Wed Dec 27 11:20:05 +0000 2017,0.766,0.234,0.0,"Having excluded Aleksei Navalny from the ballot, the Kremlin worries that he could still cause President Putin head‚Ä¶ https://t.co/n8GKtn3ZXv",17,The New York Times
417,0.0,Wed Dec 27 11:16:33 +0000 2017,1.0,0.0,0.0,"Trump Rules: When Picking Apples on a Farm With 5,000 Rules, Watch Out for the Ladders https://t.co/JZo2gQr4An",18,The New York Times
418,-0.25,Wed Dec 27 11:13:23 +0000 2017,0.6,0.25,0.15,Myanmar Court Extends Detention of Reuters Journalists https://t.co/a0nR4KABzF,19,The New York Times
419,-0.128,Wed Dec 27 11:05:01 +0000 2017,0.933,0.067,0.0,"Teva, one of the biggest makers of generic drugs, is cutting 14,000 jobs. Israelis, who view it is a source of nati‚Ä¶ https://t.co/UPrJ1fU4ml",20,The New York Times
420,0.4404,Wed Dec 27 10:50:02 +0000 2017,0.861,0.0,0.139,"Children who eat fish tend to sleep better and score higher on IQ tests, a new study has found https://t.co/HYYPDceuZk",21,The New York Times
421,0.2023,Wed Dec 27 10:35:03 +0000 2017,0.899,0.0,0.101,Trump versus Hollywood. Echoes of the Confederacy. Taylor Swift and the alt-right. Here‚Äôs a not-so-nostalgic look b‚Ä¶ https://t.co/6gANH8zG4t,22,The New York Times
422,0.0772,Wed Dec 27 10:20:04 +0000 2017,0.885,0.0,0.115,"‚ÄúSometimes you just want to sing, and then sing more"" https://t.co/r03mO2lx03",23,The New York Times
423,-0.4767,Wed Dec 27 10:05:06 +0000 2017,0.806,0.194,0.0,RT @nytmedia: Now digital publishers confront the same job cutbacks and financial uncertainty as their more established brethren. https://t‚Ä¶,24,The New York Times
424,0.2732,Wed Dec 27 09:50:05 +0000 2017,0.884,0.0,0.116,"Peru's ailing former leader, Alberto Fujimori, asked for forgiveness ‚Äúwith all my heart‚Äù after receiving a medical‚Ä¶ https://t.co/OyaeyuLV1i",25,The New York Times
425,0.6068,Wed Dec 27 09:35:02 +0000 2017,0.829,0.0,0.171,RT @nytopinion: Westerners point to Iran‚Äôs lax rules on the hijab as proof it is more tolerant. The truth is that after 40 years of resista‚Ä¶,26,The New York Times
426,0.4019,Wed Dec 27 09:20:09 +0000 2017,0.734,0.081,0.185,"""Should we continue to support our children well past their teenage years? When should we cut the strings and let t‚Ä¶ https://t.co/gYayaUQv15",27,The New York Times
427,-0.4939,Wed Dec 27 09:04:04 +0000 2017,0.868,0.132,0.0,RT @nytimesworld: Reporters jailed while covering the state in Myanmar where Rohingya are under a crackdown are ordered held for 14 more da‚Ä¶,28,The New York Times
428,0.0,Wed Dec 27 08:49:03 +0000 2017,1.0,0.0,0.0,Don‚Äôt just trash your Christmas tree https://t.co/sWN5fDoMT3,29,The New York Times
429,0.4939,Wed Dec 27 08:34:07 +0000 2017,0.814,0.0,0.186,Liberia is one step closer to its first peaceful transition of power since 1944 https://t.co/KYlXXosjIy,30,The New York Times
430,-0.3182,Wed Dec 27 08:19:06 +0000 2017,0.813,0.187,0.0,Researchers found alterations in the chromosomes of 4 North Korean defectors  https://t.co/T7wGpZDUJw,31,The New York Times
431,0.7964,Wed Dec 27 08:04:07 +0000 2017,0.616,0.0,0.384,"Who wouldn‚Äôt want a Nobel Prize, Academy Award or knighthood? More people than you might expect. https://t.co/zbpSb0WWIp",32,The New York Times
432,-0.0258,Wed Dec 27 07:49:02 +0000 2017,0.638,0.184,0.177,Mike Huckabee says President Trump is like Churchill. Historians disagree. https://t.co/oWE5QSkkb1,33,The New York Times
433,0.0258,Wed Dec 27 07:34:05 +0000 2017,0.811,0.093,0.097,"""It‚Äôs like sticking one end of a giant fire hose into Lake Erie and pointing the other end at Erie, Pa. ‚Äî and leavi‚Ä¶ https://t.co/VbDK1oBIdT",34,The New York Times
434,0.0,Wed Dec 27 07:19:05 +0000 2017,1.0,0.0,0.0,What factory workers in Mexico think of globalization https://t.co/3nBgTwnq4b,35,The New York Times
435,0.0,Wed Dec 27 07:04:03 +0000 2017,1.0,0.0,0.0,Opinion: Beijing is overreaching and starting to burn bridges across the West and in the developing world https://t.co/EYCWuz0NZj,36,The New York Times
436,0.4019,Wed Dec 27 06:49:06 +0000 2017,0.881,0.0,0.119,"Power prices fell below zero in Germany over the weekend. Yes, that means consumers were actually paid to use power. https://t.co/z42IHXYaK6",37,The New York Times
437,0.0,Wed Dec 27 06:34:05 +0000 2017,1.0,0.0,0.0,The Apple Watch is finding a medical purpose after all https://t.co/RIZS4MKHWJ,38,The New York Times
438,-0.25,Wed Dec 27 06:19:06 +0000 2017,0.755,0.14,0.104,"RT @NYTScience: 2.6 million people, mostly children, used to die of measles each year. Thanks to vaccination, now less than 100,000 do. htt‚Ä¶",39,The New York Times
439,0.2023,Wed Dec 27 06:02:10 +0000 2017,0.904,0.0,0.096,"Opinion: When we answer melodrama with melodrama, we‚Äôre playing Trump's game, by his rules, and he wins,‚Ä¶ https://t.co/3seW4aXOMj",40,The New York Times
440,0.0,Wed Dec 27 05:46:10 +0000 2017,1.0,0.0,0.0,A French chef gives back his Michelin star ‚Äì because he can't afford it https://t.co/eBbkoftiEN,41,The New York Times
441,0.0,Wed Dec 27 05:31:01 +0000 2017,1.0,0.0,0.0,"Opinion: ""In nine of the 10 deadliest mass shootings in modern American history, the gunmen had records of threaten‚Ä¶ https://t.co/7nScpUfhMr",42,The New York Times
442,-0.5267,Wed Dec 27 05:16:05 +0000 2017,0.602,0.282,0.117,"RT @nytopinion: Trump is a dictator wannabe, with no respect whatsoever for democratic norms. Sadly, elected Republicans have fallen in lin‚Ä¶",43,The New York Times
443,-0.5267,Wed Dec 27 05:01:03 +0000 2017,0.779,0.221,0.0,"Elizabeth Banks was a frustrated actress. Now she's a producer, director, and Hollywood mogul. https://t.co/i9TCF6Rb8S",44,The New York Times
444,-0.5574,Wed Dec 27 04:46:06 +0000 2017,0.841,0.159,0.0,A father's effort to ban junk food sales in and near schools aims to change what children eat in India https://t.co/aFxUcWSBj1,45,The New York Times
445,0.5267,Wed Dec 27 04:31:03 +0000 2017,0.833,0.0,0.167,"Meet Fabulous Flournoy, a 44-year-old from the South Bronx who's a basketball legend in Britain and much, much more https://t.co/tTpFmjjqlD",46,The New York Times
446,0.127,Wed Dec 27 04:16:08 +0000 2017,0.717,0.11,0.173,"‚ÄúI do not pay you to criticize me.‚Äù Mexico's government pours cash into media advertising, gaining control over new‚Ä¶ https://t.co/mg48ueMNTf",47,The New York Times
447,0.2732,Wed Dec 27 04:01:02 +0000 2017,0.762,0.094,0.143,Saudi Arabia blocked Israel‚Äôs team from the World Chess Championships after its players were unable to obtain visas https://t.co/PqOtgfqU0E,48,The New York Times
448,-0.5574,Wed Dec 27 03:51:28 +0000 2017,0.859,0.141,0.0,RT @MaggieAstor: Churchill spent more than half a century and two world wars in military or political service. Trump has been in office les‚Ä¶,49,The New York Times
449,0.0,Wed Dec 27 03:31:02 +0000 2017,1.0,0.0,0.0,The race that would tip control of Virginia‚Äôs House of Delegates took another twist https://t.co/FGDDWbdZfa,50,The New York Times
450,0.0,Wed Dec 27 03:16:06 +0000 2017,1.0,0.0,0.0,Here's a way to figure out what will happen with your taxes https://t.co/dwnjJNtBbH,51,The New York Times
451,-0.1779,Wed Dec 27 03:01:05 +0000 2017,0.764,0.131,0.105,"Johnny Bower, a Hall of Fame goalie for the Maple Leafs, has died at 93. He helped Toronto to four Stanley Cups, an‚Ä¶ https://t.co/wxkMnjfeEZ",52,The New York Times
452,0.743,Wed Dec 27 02:46:05 +0000 2017,0.722,0.0,0.278,"Taiwan is proof that a country can make a swift and huge change to its health care system, even in the modern day https://t.co/TOODcxMUd8",53,The New York Times
453,0.0,Wed Dec 27 02:31:04 +0000 2017,1.0,0.0,0.0,How do you choreograph ‚ÄúFrankenstein?‚Äù https://t.co/hbxN1NXvCO,54,The New York Times
454,0.1779,Wed Dec 27 02:16:02 +0000 2017,0.922,0.0,0.078,"‚ÄúIt‚Äôs over now for us.‚Äù Our reporter visited the last native speaker of an Amazon tribe‚Äôs language, who feels overw‚Ä¶ https://t.co/UBYLdfbOsL",55,The New York Times
455,0.0,Wed Dec 27 02:01:11 +0000 2017,1.0,0.0,0.0,Got the iPhone X? Learn these 11 gestures. https://t.co/8AJHW7L6AF https://t.co/WUlG3am8NN,56,The New York Times
456,0.2023,Wed Dec 27 01:46:06 +0000 2017,0.904,0.0,0.096,"Opinion: When we answer melodrama with melodrama, we‚Äôre playing Trump's game, by his rules, and he wins,‚Ä¶ https://t.co/uHuKmNdQn6",57,The New York Times
457,-0.6369,Wed Dec 27 01:31:06 +0000 2017,0.785,0.215,0.0,"Egypt hanged 15 men for a 2013 attack, the start of an Islamic insurgency that the government has been battling eve‚Ä¶ https://t.co/U6oKPqubdV",58,The New York Times
458,0.0,Wed Dec 27 01:16:03 +0000 2017,1.0,0.0,0.0,5 art exhibitions to see in New York before they close https://t.co/R3tP1eNiMQ,59,The New York Times
459,-0.2732,Wed Dec 27 01:01:05 +0000 2017,0.909,0.091,0.0,"In the wake of the Texas church massacre, New York, San Francisco and Philadelphia are suing the Pentagon for its f‚Ä¶ https://t.co/Nog3fN81LR",60,The New York Times
460,0.2732,Wed Dec 27 00:46:07 +0000 2017,0.896,0.0,0.104,"RT @nytimesworld: Peru's ailing former leader, Alberto Fujimori, asked for forgiveness ‚Äúwith all my heart‚Äù after receiving a medical pardon‚Ä¶",61,The New York Times
461,0.296,Wed Dec 27 00:31:07 +0000 2017,0.891,0.0,0.109,Trump insisted the health law was ‚Äúessentially‚Äù being repealed. But what remains of it appears relatively stable an‚Ä¶ https://t.co/V1j3dnl7cr,62,The New York Times
462,0.4939,Wed Dec 27 00:16:11 +0000 2017,0.842,0.0,0.158,"Tech giants have transformed how we communicate, shop, socialize and work. Now they're going after health care. https://t.co/APZHOHwWmF",63,The New York Times
463,0.0,Wed Dec 27 00:01:06 +0000 2017,1.0,0.0,0.0,"After 12 men over 54 years, ‚ÄúDoctor Who‚Äù is a woman https://t.co/LBT7BJf4iG",64,The New York Times
464,0.0,Tue Dec 26 23:46:03 +0000 2017,1.0,0.0,0.0,"RT @NYTObits: After an Italian court declared her to be Puccini's granddaughter, Simonetta Puccini worked to maintain and foster his legacy‚Ä¶",65,The New York Times
465,0.0,Tue Dec 26 23:31:04 +0000 2017,1.0,0.0,0.0,Evening Briefing: Here's what you need to know at the end of the day https://t.co/bYow19aF9o,66,The New York Times
466,0.7506,Tue Dec 26 23:16:01 +0000 2017,0.697,0.0,0.303,"This hearty soup requires a good afternoon simmer, filling your house with the aromas of all things good and warming https://t.co/vrPA0svOfj",67,The New York Times
467,0.0,Tue Dec 26 23:01:06 +0000 2017,1.0,0.0,0.0,Uber and Lyft cars have slowed traffic in Manhattan to a crawl. One idea to fix it? Charge riders even more. https://t.co/cr6HkmM9RG,68,The New York Times
468,0.5267,Tue Dec 26 22:45:03 +0000 2017,0.833,0.0,0.167,"Meet Fabulous Flournoy, a 44-year-old from the South Bronx who's a basketball legend in Britain and much, much more https://t.co/73Qp23x7wr",69,The New York Times
469,0.0,Tue Dec 26 22:30:23 +0000 2017,1.0,0.0,0.0,How far New York's attorney general is willing to go in taking on Trump could define his political career. One read‚Ä¶ https://t.co/viCdjKiden,70,The New York Times
470,0.0,Tue Dec 26 22:23:35 +0000 2017,1.0,0.0,0.0,"The Golden State Warriors appear to be building their most well-rounded team yet, writes @TheSteinLine https://t.co/w9z2MuNdVy",71,The New York Times
471,0.7579,Tue Dec 26 22:15:07 +0000 2017,0.681,0.0,0.319,"A perfume store encourages consumers to trust their noses, labeling fragrances only by number. One of the most popu‚Ä¶ https://t.co/eClGf55ye7",72,The New York Times
472,0.0,Tue Dec 26 21:46:06 +0000 2017,1.0,0.0,0.0,Uber and Lyft cars have slowed traffic in Manhattan to a crawl. One idea a state task force is weighing: charging p‚Ä¶ https://t.co/UiFmlSinvL,73,The New York Times
473,0.7184,Tue Dec 26 21:30:07 +0000 2017,0.727,0.0,0.273,"RT @UpshotNYT: Taiwan's health care overhaul: what worked, what didn't, and what the United States can learn. https://t.co/czBqCXufgq",74,The New York Times
474,0.0,Tue Dec 26 21:15:06 +0000 2017,1.0,0.0,0.0,"From classic to spicy to spiked, make these hot chocolate recipes https://t.co/XSs8dSsy90 https://t.co/OviZKIfWjU",75,The New York Times
475,0.0,Tue Dec 26 21:10:09 +0000 2017,1.0,0.0,0.0,"Mary Tyler Moore, Chuck Berry, Jerry Lewis. Remembering the lives that touched our own. https://t.co/QTpE1MuGLH",76,The New York Times
476,0.0,Tue Dec 26 20:55:05 +0000 2017,1.0,0.0,0.0,The Betoota Advocate is increasingly one of Australia's most widely read newspapers. It's also completely made up. https://t.co/EM2PgZU2PC,77,The New York Times
477,0.5267,Tue Dec 26 20:49:39 +0000 2017,0.866,0.0,0.134,RT @NYTSports: Fabulous Flournoy is a 44-year-old basketball legend in Britain who grew up in the Bronx and ate 30-40 bananas every day for‚Ä¶,78,The New York Times
478,0.0,Tue Dec 26 20:45:05 +0000 2017,1.0,0.0,0.0,"RT @nytimesbooks: James Baldwin was writing for his life, and the nation looked away https://t.co/fe1eEZJBcA",79,The New York Times
479,0.127,Tue Dec 26 20:35:05 +0000 2017,0.717,0.11,0.173,"‚ÄúI do not pay you to criticize me.‚Äù Mexico's government pours cash into media advertising, gaining control over new‚Ä¶ https://t.co/Uf5hr7a0kh",80,The New York Times
480,-0.6597,Tue Dec 26 20:25:04 +0000 2017,0.735,0.265,0.0,"Senator Orrin Hatch said he was ‚Äúgrateful‚Äù for a scathing editorial suggesting he resign, prompting ridicule. A spo‚Ä¶ https://t.co/WMFUkTlCZG",81,The New York Times
481,-0.3182,Tue Dec 26 20:16:37 +0000 2017,0.673,0.202,0.125,"Andrew taught his mother how to be happy. Then when he was 13, he was diagnosed with an aggressive form of cancer. https://t.co/T4UcXS9kwZ",82,The New York Times
482,0.0516,Tue Dec 26 20:15:09 +0000 2017,0.748,0.122,0.13,"""It felt terrible to wrestle with ethical and professional questions when all I wanted to do was be with my friend.‚Ä¶ https://t.co/gJiRFIZVmA",83,The New York Times
483,0.1779,Tue Dec 26 20:05:06 +0000 2017,0.922,0.0,0.078,"‚ÄúIt‚Äôs over now for us.‚Äù Our reporter visited the last native speaker of an Amazon tribe‚Äôs language, who feels overw‚Ä¶ https://t.co/qzDjPFsvEf",84,The New York Times
484,0.0,Tue Dec 26 19:55:08 +0000 2017,1.0,0.0,0.0,To swipe or not to swipe? That‚Äôs the question on every iPhone X user‚Äôs mind now that the home button is gone.‚Ä¶ https://t.co/Bo69e1v0tG,85,The New York Times
485,0.34,Tue Dec 26 19:45:05 +0000 2017,0.882,0.0,0.118,"About 2,000 Homeland Security employees are now deployed to over 70 countries, a move that has some allies calling‚Ä¶ https://t.co/SuDNZ3Lk3d",86,The New York Times
486,0.0,Tue Dec 26 19:35:04 +0000 2017,1.0,0.0,0.0,"RT @UpshotNYT: With one week to go in the regular season, all the playoff trees. https://t.co/L5XhzxeqTd",87,The New York Times
487,0.7906,Tue Dec 26 19:25:04 +0000 2017,0.654,0.0,0.346,"Opinion: ""It doesn‚Äôt matter that he‚Äôs from a good home, with loving parents; all that matters to the white world is‚Ä¶ https://t.co/a7FGArrEtA",88,The New York Times
488,0.4767,Tue Dec 26 19:10:09 +0000 2017,0.871,0.0,0.129,"It's not your imagination. More of your Facebook friends are asking you for money, and the platform is making it ea‚Ä¶ https://t.co/TPewC2QHnZ",89,The New York Times
489,0.079,Tue Dec 26 19:04:05 +0000 2017,0.727,0.131,0.142,RT @HannaIngber: A beautiful Times Insider by @leslyedavis who spent 5 years following a very sick boy to tell his story. On how their live‚Ä¶,90,The New York Times
490,0.0,Tue Dec 26 18:55:05 +0000 2017,1.0,0.0,0.0,A bowl of this hearty soup is the kind of thing that cures what ails you https://t.co/gIGrfjH3vt,91,The New York Times
491,-0.5574,Tue Dec 26 18:40:05 +0000 2017,0.841,0.159,0.0,A father's effort to ban junk food sales in and near schools aims to change what children eat in India https://t.co/vEUHlvsuLp,92,The New York Times
492,0.296,Tue Dec 26 18:25:06 +0000 2017,0.864,0.0,0.136,Journalists Cokie and Steven Roberts share the secret to their 51 years of marriage https://t.co/5AXakllevE,93,The New York Times
493,0.0,Tue Dec 26 18:10:04 +0000 2017,1.0,0.0,0.0,"The NYT review of ""All the Money in the World,"" the Ridley Scott movie from which Kevin Spacey was removed https://t.co/myOjxsHRuu",94,The New York Times
494,-0.2732,Tue Dec 26 17:55:05 +0000 2017,0.909,0.091,0.0,"In the wake of the Texas church massacre, New York, San Francisco and Philadelphia are suing the Pentagon for its f‚Ä¶ https://t.co/0U7mhvV4Fe",95,The New York Times
495,-0.4404,Tue Dec 26 17:40:04 +0000 2017,0.868,0.132,0.0,"‚ÄúIf a professional reporter wants to cover the dirty elements of what is happening in the country today, neither th‚Ä¶ https://t.co/pm9gwIiUPq",96,The New York Times
496,0.0,Tue Dec 26 17:35:05 +0000 2017,1.0,0.0,0.0,El gobierno de Enrique Pe√±a Nieto gasta millones de d√≥lares en publicidad en medios y as√≠ logra control sobre la co‚Ä¶ https://t.co/8m0BQ8x8AE,97,The New York Times
497,0.8126,Tue Dec 26 17:25:06 +0000 2017,0.739,0.0,0.261,"RT @TheSteinLine: On Pro Basketball column from Tuesday‚Äôs @NYTSports: They won the big one on Christmas Day, but these Warriors are happy t‚Ä¶",98,The New York Times
498,0.0,Tue Dec 26 17:16:08 +0000 2017,1.0,0.0,0.0,"The survival of the Taushiro tribe has suddenly come down to a sole, complicated man https://t.co/K7PhaoKV5g https://t.co/tToWiyK5bi",99,The New York Times
499,0.0,Tue Dec 26 17:04:02 +0000 2017,1.0,0.0,0.0,How did pop culture look from inside the White House and the halls of Congress in 2017? We look back. https://t.co/7dwZQcO7t7,100,The New York Times
